date,sku_id,product_name,category,sales_quantity,current_stock,unit_price,supplier_lead_time
2026-04-01,SKU001,Cooking Oil 1L,Pantry,23,313,580,4
2026-04-02,SKU001,Cooking Oil 1L,Pantry,13,300,580,4
2026-04-03,SKU001,Cooking Oil 1L,Pantry,18,282,580,4
2026-04-04,SKU001,Cooking Oil 1L,Pantry,30,252,580,4
2026-04-05,SKU001,Cooking Oil 1L,Pantry,27,225,580,4
2026-04-06,SKU001,Cooking Oil 1L,Pantry,21,204,580,4
2026-04-07,SKU001,Cooking Oil 1L,Pantry,25,179,580,4
2026-04-08,SKU001,Cooking Oil 1L,Pantry,24,155,580,4
2026-04-09,SKU001,Cooking Oil 1L,Pantry,24,131,580,4
2026-04-10,SKU001,Cooking Oil 1L,Pantry,20,111,580,4
2026-04-11,SKU001,Cooking Oil 1L,Pantry,22,89,580,4
2026-04-12,SKU001,Cooking Oil 1L,Pantry,25,64,580,4
2026-04-13,SKU001,Cooking Oil 1L,Pantry,19,241,580,4
2026-04-14,SKU001,Cooking Oil 1L,Pantry,14,227,580,4
2026-04-15,SKU001,Cooking Oil 1L,Pantry,15,212,580,4
2026-04-16,SKU001,Cooking Oil 1L,Pantry,18,194,580,4
2026-04-17,SKU001,Cooking Oil 1L,Pantry,21,173,580,4
2026-04-18,SKU001,Cooking Oil 1L,Pantry,24,149,580,4
2026-04-19,SKU001,Cooking Oil 1L,Pantry,28,121,580,4
2026-04-20,SKU001,Cooking Oil 1L,Pantry,14,107,580,4
2026-04-21,SKU001,Cooking Oil 1L,Pantry,21,86,580,4
2026-04-22,SKU001,Cooking Oil 1L,Pantry,20,324,580,4
2026-04-23,SKU001,Cooking Oil 1L,Pantry,17,307,580,4
2026-04-24,SKU001,Cooking Oil 1L,Pantry,12,295,580,4
2026-04-25,SKU001,Cooking Oil 1L,Pantry,27,268,580,4
2026-04-26,SKU001,Cooking Oil 1L,Pantry,25,243,580,4
2026-04-27,SKU001,Cooking Oil 1L,Pantry,19,224,580,4
2026-04-28,SKU001,Cooking Oil 1L,Pantry,19,205,580,4
2026-04-29,SKU001,Cooking Oil 1L,Pantry,14,191,580,4
2026-04-30,SKU001,Cooking Oil 1L,Pantry,24,167,580,4
2026-05-01,SKU001,Cooking Oil 1L,Pantry,10,157,580,4
2026-05-02,SKU001,Cooking Oil 1L,Pantry,23,134,580,4
2026-05-03,SKU001,Cooking Oil 1L,Pantry,28,106,580,4
2026-05-04,SKU001,Cooking Oil 1L,Pantry,22,84,580,4
2026-05-05,SKU001,Cooking Oil 1L,Pantry,25,59,580,4
2026-05-06,SKU001,Cooking Oil 1L,Pantry,23,329,580,4
2026-05-07,SKU001,Cooking Oil 1L,Pantry,15,314,580,4
2026-05-08,SKU001,Cooking Oil 1L,Pantry,15,299,580,4
2026-05-09,SKU001,Cooking Oil 1L,Pantry,27,272,580,4
2026-05-10,SKU001,Cooking Oil 1L,Pantry,25,247,580,4
2026-05-11,SKU001,Cooking Oil 1L,Pantry,18,229,580,4
2026-05-12,SKU001,Cooking Oil 1L,Pantry,27,202,580,4
2026-05-13,SKU001,Cooking Oil 1L,Pantry,24,178,580,4
2026-05-14,SKU001,Cooking Oil 1L,Pantry,19,159,580,4
2026-05-15,SKU001,Cooking Oil 1L,Pantry,19,140,580,4
2026-05-16,SKU001,Cooking Oil 1L,Pantry,23,117,580,4
2026-05-17,SKU001,Cooking Oil 1L,Pantry,30,87,580,4
2026-05-18,SKU001,Cooking Oil 1L,Pantry,17,70,580,4
2026-05-19,SKU001,Cooking Oil 1L,Pantry,19,51,580,4
2026-05-20,SKU001,Cooking Oil 1L,Pantry,11,343,580,4
2026-05-21,SKU001,Cooking Oil 1L,Pantry,15,328,580,4
2026-05-22,SKU001,Cooking Oil 1L,Pantry,11,317,580,4
2026-05-23,SKU001,Cooking Oil 1L,Pantry,25,292,580,4
2026-05-24,SKU001,Cooking Oil 1L,Pantry,25,267,580,4
2026-05-25,SKU001,Cooking Oil 1L,Pantry,28,239,580,4
2026-05-26,SKU001,Cooking Oil 1L,Pantry,21,218,580,4
2026-05-27,SKU001,Cooking Oil 1L,Pantry,18,200,580,4
2026-05-28,SKU001,Cooking Oil 1L,Pantry,26,174,580,4
2026-05-29,SKU001,Cooking Oil 1L,Pantry,18,156,580,4
2026-05-30,SKU001,Cooking Oil 1L,Pantry,23,133,580,4
2026-05-31,SKU001,Cooking Oil 1L,Pantry,25,108,580,4
2026-06-01,SKU001,Cooking Oil 1L,Pantry,14,94,580,4
2026-06-02,SKU001,Cooking Oil 1L,Pantry,13,81,580,4
2026-06-03,SKU001,Cooking Oil 1L,Pantry,17,345,580,4
2026-06-04,SKU001,Cooking Oil 1L,Pantry,23,322,580,4
2026-06-05,SKU001,Cooking Oil 1L,Pantry,14,308,580,4
2026-06-06,SKU001,Cooking Oil 1L,Pantry,24,284,580,4
2026-06-07,SKU001,Cooking Oil 1L,Pantry,29,255,580,4
2026-06-08,SKU001,Cooking Oil 1L,Pantry,25,230,580,4
2026-06-09,SKU001,Cooking Oil 1L,Pantry,18,212,580,4
2026-06-10,SKU001,Cooking Oil 1L,Pantry,17,195,580,4
2026-06-11,SKU001,Cooking Oil 1L,Pantry,15,180,580,4
2026-06-12,SKU001,Cooking Oil 1L,Pantry,26,154,580,4
2026-06-13,SKU001,Cooking Oil 1L,Pantry,27,127,580,4
2026-06-14,SKU001,Cooking Oil 1L,Pantry,31,96,580,4
2026-06-15,SKU001,Cooking Oil 1L,Pantry,17,79,580,4
2026-06-16,SKU001,Cooking Oil 1L,Pantry,22,57,580,4
2026-06-17,SKU001,Cooking Oil 1L,Pantry,27,337,580,4
2026-06-18,SKU001,Cooking Oil 1L,Pantry,13,324,580,4
2026-06-19,SKU001,Cooking Oil 1L,Pantry,19,305,580,4
2026-06-20,SKU001,Cooking Oil 1L,Pantry,19,286,580,4
2026-06-21,SKU001,Cooking Oil 1L,Pantry,24,262,580,4
2026-06-22,SKU001,Cooking Oil 1L,Pantry,12,250,580,4
2026-06-23,SKU001,Cooking Oil 1L,Pantry,12,238,580,4
2026-06-24,SKU001,Cooking Oil 1L,Pantry,20,218,580,4
2026-06-25,SKU001,Cooking Oil 1L,Pantry,20,198,580,4
2026-06-26,SKU001,Cooking Oil 1L,Pantry,12,186,580,4
2026-06-27,SKU001,Cooking Oil 1L,Pantry,34,152,580,4
2026-06-28,SKU001,Cooking Oil 1L,Pantry,22,130,580,4
2026-06-29,SKU001,Cooking Oil 1L,Pantry,16,114,580,4
2026-06-30,SKU001,Cooking Oil 1L,Pantry,21,93,580,4
2026-07-01,SKU001,Cooking Oil 1L,Pantry,14,328,580,4
2026-07-02,SKU001,Cooking Oil 1L,Pantry,19,309,580,4
2026-07-03,SKU001,Cooking Oil 1L,Pantry,16,293,580,4
2026-07-04,SKU001,Cooking Oil 1L,Pantry,29,264,580,4
2026-07-05,SKU001,Cooking Oil 1L,Pantry,30,234,580,4
2026-07-06,SKU001,Cooking Oil 1L,Pantry,19,215,580,4
2026-07-07,SKU001,Cooking Oil 1L,Pantry,22,193,580,4
2026-07-08,SKU001,Cooking Oil 1L,Pantry,20,173,580,4
2026-07-09,SKU001,Cooking Oil 1L,Pantry,16,157,580,4
2026-07-10,SKU001,Cooking Oil 1L,Pantry,25,132,580,4
2026-07-11,SKU001,Cooking Oil 1L,Pantry,18,114,580,4
2026-07-12,SKU001,Cooking Oil 1L,Pantry,21,93,580,4
2026-07-13,SKU001,Cooking Oil 1L,Pantry,17,76,580,4
2026-07-14,SKU001,Cooking Oil 1L,Pantry,27,241,580,4
2026-07-15,SKU001,Cooking Oil 1L,Pantry,16,225,580,4
2026-07-16,SKU001,Cooking Oil 1L,Pantry,12,213,580,4
2026-07-17,SKU001,Cooking Oil 1L,Pantry,9,204,580,4
2026-07-18,SKU001,Cooking Oil 1L,Pantry,28,176,580,4
2026-07-19,SKU001,Cooking Oil 1L,Pantry,22,154,580,4
2026-07-20,SKU001,Cooking Oil 1L,Pantry,7,147,580,4
2026-07-21,SKU001,Cooking Oil 1L,Pantry,14,133,580,4
2026-07-22,SKU001,Cooking Oil 1L,Pantry,18,115,580,4
2026-07-23,SKU001,Cooking Oil 1L,Pantry,8,349,580,4
2026-07-24,SKU001,Cooking Oil 1L,Pantry,18,331,580,4
2026-07-25,SKU001,Cooking Oil 1L,Pantry,30,301,580,4
2026-07-26,SKU001,Cooking Oil 1L,Pantry,33,268,580,4
2026-07-27,SKU001,Cooking Oil 1L,Pantry,22,246,580,4
2026-07-28,SKU001,Cooking Oil 1L,Pantry,22,224,580,4
2026-07-29,SKU001,Cooking Oil 1L,Pantry,19,205,580,4
2026-07-30,SKU001,Cooking Oil 1L,Pantry,24,181,580,4
2026-07-31,SKU001,Cooking Oil 1L,Pantry,18,163,580,4
2026-08-01,SKU001,Cooking Oil 1L,Pantry,23,140,580,4
2026-08-02,SKU001,Cooking Oil 1L,Pantry,27,113,580,4
2026-08-03,SKU001,Cooking Oil 1L,Pantry,16,97,580,4
2026-08-04,SKU001,Cooking Oil 1L,Pantry,18,79,580,4
2026-08-05,SKU001,Cooking Oil 1L,Pantry,19,354,580,4
2026-08-06,SKU001,Cooking Oil 1L,Pantry,28,326,580,4
2026-08-07,SKU001,Cooking Oil 1L,Pantry,18,308,580,4
2026-08-08,SKU001,Cooking Oil 1L,Pantry,35,273,580,4
2026-08-09,SKU001,Cooking Oil 1L,Pantry,33,240,580,4
2026-08-10,SKU001,Cooking Oil 1L,Pantry,22,218,580,4
2026-08-11,SKU001,Cooking Oil 1L,Pantry,23,195,580,4
2026-08-12,SKU001,Cooking Oil 1L,Pantry,14,181,580,4
2026-08-13,SKU001,Cooking Oil 1L,Pantry,12,169,580,4
2026-08-14,SKU001,Cooking Oil 1L,Pantry,12,157,580,4
2026-08-15,SKU001,Cooking Oil 1L,Pantry,31,126,580,4
2026-08-16,SKU001,Cooking Oil 1L,Pantry,36,90,580,4
2026-08-17,SKU001,Cooking Oil 1L,Pantry,19,71,580,4
2026-08-18,SKU001,Cooking Oil 1L,Pantry,19,52,580,4
2026-08-19,SKU001,Cooking Oil 1L,Pantry,18,322,580,4
2026-08-20,SKU001,Cooking Oil 1L,Pantry,17,305,580,4
2026-08-21,SKU001,Cooking Oil 1L,Pantry,17,288,580,4
2026-08-22,SKU001,Cooking Oil 1L,Pantry,33,255,580,4
2026-08-23,SKU001,Cooking Oil 1L,Pantry,17,238,580,4
2026-08-24,SKU001,Cooking Oil 1L,Pantry,20,218,580,4
2026-08-25,SKU001,Cooking Oil 1L,Pantry,21,197,580,4
2026-08-26,SKU001,Cooking Oil 1L,Pantry,16,181,580,4
2026-08-27,SKU001,Cooking Oil 1L,Pantry,22,159,580,4
2026-08-28,SKU001,Cooking Oil 1L,Pantry,17,142,580,4
2026-08-29,SKU001,Cooking Oil 1L,Pantry,20,122,580,4
2026-08-30,SKU001,Cooking Oil 1L,Pantry,37,85,580,4
2026-08-31,SKU001,Cooking Oil 1L,Pantry,18,67,580,4
2026-09-01,SKU001,Cooking Oil 1L,Pantry,20,47,580,4
2026-09-02,SKU001,Cooking Oil 1L,Pantry,24,321,580,4
2026-09-03,SKU001,Cooking Oil 1L,Pantry,14,307,580,4
2026-09-04,SKU001,Cooking Oil 1L,Pantry,22,285,580,4
2026-09-05,SKU001,Cooking Oil 1L,Pantry,30,255,580,4
2026-09-06,SKU001,Cooking Oil 1L,Pantry,34,221,580,4
2026-09-07,SKU001,Cooking Oil 1L,Pantry,20,201,580,4
2026-09-08,SKU001,Cooking Oil 1L,Pantry,24,177,580,4
2026-09-09,SKU001,Cooking Oil 1L,Pantry,17,160,580,4
2026-09-10,SKU001,Cooking Oil 1L,Pantry,22,138,580,4
2026-09-11,SKU001,Cooking Oil 1L,Pantry,14,124,580,4
2026-09-12,SKU001,Cooking Oil 1L,Pantry,22,102,580,4
2026-09-13,SKU001,Cooking Oil 1L,Pantry,29,73,580,4
2026-09-14,SKU001,Cooking Oil 1L,Pantry,20,53,580,4
2026-09-15,SKU001,Cooking Oil 1L,Pantry,15,38,580,4
2026-09-16,SKU001,Cooking Oil 1L,Pantry,7,31,580,4
2026-09-17,SKU001,Cooking Oil 1L,Pantry,12,19,580,4
2026-09-18,SKU001,Cooking Oil 1L,Pantry,19,0,580,4
2026-09-19,SKU001,Cooking Oil 1L,Pantry,0,0,580,4
2026-09-20,SKU001,Cooking Oil 1L,Pantry,0,0,580,4
2026-09-21,SKU001,Cooking Oil 1L,Pantry,0,0,580,4
2026-09-22,SKU001,Cooking Oil 1L,Pantry,0,0,580,4
2026-09-23,SKU001,Cooking Oil 1L,Pantry,0,0,580,4
2026-09-24,SKU001,Cooking Oil 1L,Pantry,0,0,580,4
2026-09-25,SKU001,Cooking Oil 1L,Pantry,0,0,580,4
2026-09-26,SKU001,Cooking Oil 1L,Pantry,0,0,580,4
2026-09-27,SKU001,Cooking Oil 1L,Pantry,0,0,580,4
2026-04-01,SKU002,Milk 1L,Dairy,60,850,300,2
2026-04-02,SKU002,Milk 1L,Dairy,50,800,300,2
2026-04-03,SKU002,Milk 1L,Dairy,58,742,300,2
2026-04-04,SKU002,Milk 1L,Dairy,72,670,300,2
2026-04-05,SKU002,Milk 1L,Dairy,80,590,300,2
2026-04-06,SKU002,Milk 1L,Dairy,61,529,300,2
2026-04-07,SKU002,Milk 1L,Dairy,66,463,300,2
2026-04-08,SKU002,Milk 1L,Dairy,61,402,300,2
2026-04-09,SKU002,Milk 1L,Dairy,65,337,300,2
2026-04-10,SKU002,Milk 1L,Dairy,62,275,300,2
2026-04-11,SKU002,Milk 1L,Dairy,89,186,300,2
2026-04-12,SKU002,Milk 1L,Dairy,92,701,300,2
2026-04-13,SKU002,Milk 1L,Dairy,65,636,300,2
2026-04-14,SKU002,Milk 1L,Dairy,67,569,300,2
2026-04-15,SKU002,Milk 1L,Dairy,58,511,300,2
2026-04-16,SKU002,Milk 1L,Dairy,55,456,300,2
2026-04-17,SKU002,Milk 1L,Dairy,71,385,300,2
2026-04-18,SKU002,Milk 1L,Dairy,79,306,300,2
2026-04-19,SKU002,Milk 1L,Dairy,72,234,300,2
2026-04-20,SKU002,Milk 1L,Dairy,55,974,300,2
2026-04-21,SKU002,Milk 1L,Dairy,41,933,300,2
2026-04-22,SKU002,Milk 1L,Dairy,38,895,300,2
2026-04-23,SKU002,Milk 1L,Dairy,50,845,300,2
2026-04-24,SKU002,Milk 1L,Dairy,50,795,300,2
2026-04-25,SKU002,Milk 1L,Dairy,86,709,300,2
2026-04-26,SKU002,Milk 1L,Dairy,65,644,300,2
2026-04-27,SKU002,Milk 1L,Dairy,45,599,300,2
2026-04-28,SKU002,Milk 1L,Dairy,62,537,300,2
2026-04-29,SKU002,Milk 1L,Dairy,61,476,300,2
2026-04-30,SKU002,Milk 1L,Dairy,55,421,300,2
2026-05-01,SKU002,Milk 1L,Dairy,59,362,300,2
2026-05-02,SKU002,Milk 1L,Dairy,72,290,300,2
2026-05-03,SKU002,Milk 1L,Dairy,72,218,300,2
2026-05-04,SKU002,Milk 1L,Dairy,59,1026,300,2
2026-05-05,SKU002,Milk 1L,Dairy,68,958,300,2
2026-05-06,SKU002,Milk 1L,Dairy,62,896,300,2
2026-05-07,SKU002,Milk 1L,Dairy,55,841,300,2
2026-05-08,SKU002,Milk 1L,Dairy,44,797,300,2
2026-05-09,SKU002,Milk 1L,Dairy,82,715,300,2
2026-05-10,SKU002,Milk 1L,Dairy,90,625,300,2
2026-05-11,SKU002,Milk 1L,Dairy,49,576,300,2
2026-05-12,SKU002,Milk 1L,Dairy,71,505,300,2
2026-05-13,SKU002,Milk 1L,Dairy,65,440,300,2
2026-05-14,SKU002,Milk 1L,Dairy,67,373,300,2
2026-05-15,SKU002,Milk 1L,Dairy,56,317,300,2
2026-05-16,SKU002,Milk 1L,Dairy,77,240,300,2
2026-05-17,SKU002,Milk 1L,Dairy,79,161,300,2
2026-05-18,SKU002,Milk 1L,Dairy,66,993,300,2
2026-05-19,SKU002,Milk 1L,Dairy,68,925,300,2
2026-05-20,SKU002,Milk 1L,Dairy,64,861,300,2
2026-05-21,SKU002,Milk 1L,Dairy,54,807,300,2
2026-05-22,SKU002,Milk 1L,Dairy,43,764,300,2
2026-05-23,SKU002,Milk 1L,Dairy,89,675,300,2
2026-05-24,SKU002,Milk 1L,Dairy,66,609,300,2
2026-05-25,SKU002,Milk 1L,Dairy,47,562,300,2
2026-05-26,SKU002,Milk 1L,Dairy,68,494,300,2
2026-05-27,SKU002,Milk 1L,Dairy,51,443,300,2
2026-05-28,SKU002,Milk 1L,Dairy,60,383,300,2
2026-05-29,SKU002,Milk 1L,Dairy,56,327,300,2
2026-05-30,SKU002,Milk 1L,Dairy,94,233,300,2
2026-05-31,SKU002,Milk 1L,Dairy,93,140,300,2
2026-06-01,SKU002,Milk 1L,Dairy,65,961,300,2
2026-06-02,SKU002,Milk 1L,Dairy,62,899,300,2
2026-06-03,SKU002,Milk 1L,Dairy,56,843,300,2
2026-06-04,SKU002,Milk 1L,Dairy,68,775,300,2
2026-06-05,SKU002,Milk 1L,Dairy,52,723,300,2
2026-06-06,SKU002,Milk 1L,Dairy,96,627,300,2
2026-06-07,SKU002,Milk 1L,Dairy,96,531,300,2
2026-06-08,SKU002,Milk 1L,Dairy,64,467,300,2
2026-06-09,SKU002,Milk 1L,Dairy,77,390,300,2
2026-06-10,SKU002,Milk 1L,Dairy,44,346,300,2
2026-06-11,SKU002,Milk 1L,Dairy,66,280,300,2
2026-06-12,SKU002,Milk 1L,Dairy,67,213,300,2
2026-06-13,SKU002,Milk 1L,Dairy,63,738,300,2
2026-06-14,SKU002,Milk 1L,Dairy,86,652,300,2
2026-06-15,SKU002,Milk 1L,Dairy,63,589,300,2
2026-06-16,SKU002,Milk 1L,Dairy,55,534,300,2
2026-06-17,SKU002,Milk 1L,Dairy,60,474,300,2
2026-06-18,SKU002,Milk 1L,Dairy,65,409,300,2
2026-06-19,SKU002,Milk 1L,Dairy,64,345,300,2
2026-06-20,SKU002,Milk 1L,Dairy,78,267,300,2
2026-06-21,SKU002,Milk 1L,Dairy,69,198,300,2
2026-06-22,SKU002,Milk 1L,Dairy,46,944,300,2
2026-06-23,SKU002,Milk 1L,Dairy,50,894,300,2
2026-06-24,SKU002,Milk 1L,Dairy,49,845,300,2
2026-06-25,SKU002,Milk 1L,Dairy,45,800,300,2
2026-06-26,SKU002,Milk 1L,Dairy,57,743,300,2
2026-06-27,SKU002,Milk 1L,Dairy,92,651,300,2
2026-06-28,SKU002,Milk 1L,Dairy,67,584,300,2
2026-06-29,SKU002,Milk 1L,Dairy,43,541,300,2
2026-06-30,SKU002,Milk 1L,Dairy,61,480,300,2
2026-07-01,SKU002,Milk 1L,Dairy,58,422,300,2
2026-07-02,SKU002,Milk 1L,Dairy,66,356,300,2
2026-07-03,SKU002,Milk 1L,Dairy,56,300,300,2
2026-07-04,SKU002,Milk 1L,Dairy,78,222,300,2
2026-07-05,SKU002,Milk 1L,Dairy,102,678,300,2
2026-07-06,SKU002,Milk 1L,Dairy,69,609,300,2
2026-07-07,SKU002,Milk 1L,Dairy,67,542,300,2
2026-07-08,SKU002,Milk 1L,Dairy,57,485,300,2
2026-07-09,SKU002,Milk 1L,Dairy,54,431,300,2
2026-07-10,SKU002,Milk 1L,Dairy,57,374,300,2
2026-07-11,SKU002,Milk 1L,Dairy,95,279,300,2
2026-07-12,SKU002,Milk 1L,Dairy,83,196,300,2
2026-07-13,SKU002,Milk 1L,Dairy,67,1056,300,2
2026-07-14,SKU002,Milk 1L,Dairy,61,995,300,2
2026-07-15,SKU002,Milk 1L,Dairy,59,936,300,2
2026-07-16,SKU002,Milk 1L,Dairy,46,890,300,2
2026-07-17,SKU002,Milk 1L,Dairy,51,839,300,2
2026-07-18,SKU002,Milk 1L,Dairy,76,763,300,2
2026-07-19,SKU002,Milk 1L,Dairy,71,692,300,2
2026-07-20,SKU002,Milk 1L,Dairy,44,648,300,2
2026-07-21,SKU002,Milk 1L,Dairy,39,609,300,2
2026-07-22,SKU002,Milk 1L,Dairy,47,562,300,2
2026-07-23,SKU002,Milk 1L,Dairy,51,511,300,2
2026-07-24,SKU002,Milk 1L,Dairy,63,448,300,2
2026-07-25,SKU002,Milk 1L,Dairy,76,372,300,2
2026-07-26,SKU002,Milk 1L,Dairy,72,300,300,2
2026-07-27,SKU002,Milk 1L,Dairy,62,925,300,2
2026-07-28,SKU002,Milk 1L,Dairy,51,874,300,2
2026-07-29,SKU002,Milk 1L,Dairy,51,823,300,2
2026-07-30,SKU002,Milk 1L,Dairy,63,760,300,2
2026-07-31,SKU002,Milk 1L,Dairy,55,705,300,2
2026-08-01,SKU002,Milk 1L,Dairy,63,642,300,2
2026-08-02,SKU002,Milk 1L,Dairy,91,551,300,2
2026-08-03,SKU002,Milk 1L,Dairy,44,507,300,2
2026-08-04,SKU002,Milk 1L,Dairy,76,431,300,2
2026-08-05,SKU002,Milk 1L,Dairy,55,376,300,2
2026-08-06,SKU002,Milk 1L,Dairy,52,324,300,2
2026-08-07,SKU002,Milk 1L,Dairy,57,267,300,2
2026-08-08,SKU002,Milk 1L,Dairy,90,177,300,2
2026-08-09,SKU002,Milk 1L,Dairy,90,705,300,2
2026-08-10,SKU002,Milk 1L,Dairy,56,649,300,2
2026-08-11,SKU002,Milk 1L,Dairy,60,589,300,2
2026-08-12,SKU002,Milk 1L,Dairy,68,521,300,2
2026-08-13,SKU002,Milk 1L,Dairy,67,454,300,2
2026-08-14,SKU002,Milk 1L,Dairy,52,402,300,2
2026-08-15,SKU002,Milk 1L,Dairy,75,327,300,2
2026-08-16,SKU002,Milk 1L,Dairy,85,242,300,2
2026-08-17,SKU002,Milk 1L,Dairy,61,973,300,2
2026-08-18,SKU002,Milk 1L,Dairy,66,907,300,2
2026-08-19,SKU002,Milk 1L,Dairy,45,862,300,2
2026-08-20,SKU002,Milk 1L,Dairy,58,804,300,2
2026-08-21,SKU002,Milk 1L,Dairy,64,740,300,2
2026-08-22,SKU002,Milk 1L,Dairy,78,662,300,2
2026-08-23,SKU002,Milk 1L,Dairy,56,606,300,2
2026-08-24,SKU002,Milk 1L,Dairy,50,556,300,2
2026-08-25,SKU002,Milk 1L,Dairy,63,493,300,2
2026-08-26,SKU002,Milk 1L,Dairy,58,435,300,2
2026-08-27,SKU002,Milk 1L,Dairy,67,368,300,2
2026-08-28,SKU002,Milk 1L,Dairy,60,308,300,2
2026-08-29,SKU002,Milk 1L,Dairy,78,230,300,2
2026-08-30,SKU002,Milk 1L,Dairy,89,141,300,2
2026-08-31,SKU002,Milk 1L,Dairy,58,991,300,2
2026-09-01,SKU002,Milk 1L,Dairy,62,929,300,2
2026-09-02,SKU002,Milk 1L,Dairy,59,870,300,2
2026-09-03,SKU002,Milk 1L,Dairy,54,816,300,2
2026-09-04,SKU002,Milk 1L,Dairy,56,760,300,2
2026-09-05,SKU002,Milk 1L,Dairy,94,666,300,2
2026-09-06,SKU002,Milk 1L,Dairy,84,582,300,2
2026-09-07,SKU002,Milk 1L,Dairy,69,513,300,2
2026-09-08,SKU002,Milk 1L,Dairy,70,443,300,2
2026-09-09,SKU002,Milk 1L,Dairy,72,371,300,2
2026-09-10,SKU002,Milk 1L,Dairy,49,322,300,2
2026-09-11,SKU002,Milk 1L,Dairy,66,256,300,2
2026-09-12,SKU002,Milk 1L,Dairy,80,176,300,2
2026-09-13,SKU002,Milk 1L,Dairy,84,682,300,2
2026-09-14,SKU002,Milk 1L,Dairy,55,627,300,2
2026-09-15,SKU002,Milk 1L,Dairy,71,556,300,2
2026-09-16,SKU002,Milk 1L,Dairy,48,508,300,2
2026-09-17,SKU002,Milk 1L,Dairy,53,455,300,2
2026-09-18,SKU002,Milk 1L,Dairy,46,409,300,2
2026-09-19,SKU002,Milk 1L,Dairy,71,338,300,2
2026-09-20,SKU002,Milk 1L,Dairy,68,270,300,2
2026-09-21,SKU002,Milk 1L,Dairy,49,934,300,2
2026-09-22,SKU002,Milk 1L,Dairy,46,888,300,2
2026-09-23,SKU002,Milk 1L,Dairy,54,834,300,2
2026-09-24,SKU002,Milk 1L,Dairy,55,779,300,2
2026-09-25,SKU002,Milk 1L,Dairy,50,729,300,2
2026-09-26,SKU002,Milk 1L,Dairy,62,667,300,2
2026-09-27,SKU002,Milk 1L,Dairy,75,592,300,2
2026-04-01,SKU003,Tea 190g,Beverages,13,208,450,5
2026-04-02,SKU003,Tea 190g,Beverages,8,200,450,5
2026-04-03,SKU003,Tea 190g,Beverages,13,187,450,5
2026-04-04,SKU003,Tea 190g,Beverages,14,173,450,5
2026-04-05,SKU003,Tea 190g,Beverages,16,157,450,5
2026-04-06,SKU003,Tea 190g,Beverages,16,141,450,5
2026-04-07,SKU003,Tea 190g,Beverages,20,121,450,5
2026-04-08,SKU003,Tea 190g,Beverages,18,103,450,5
2026-04-09,SKU003,Tea 190g,Beverages,10,93,450,5
2026-04-10,SKU003,Tea 190g,Beverages,9,84,450,5
2026-04-11,SKU003,Tea 190g,Beverages,17,67,450,5
2026-04-12,SKU003,Tea 190g,Beverages,23,44,450,5
2026-04-13,SKU003,Tea 190g,Beverages,13,31,450,5
2026-04-14,SKU003,Tea 190g,Beverages,9,144,450,5
2026-04-15,SKU003,Tea 190g,Beverages,15,129,450,5
2026-04-16,SKU003,Tea 190g,Beverages,12,117,450,5
2026-04-17,SKU003,Tea 190g,Beverages,12,105,450,5
2026-04-18,SKU003,Tea 190g,Beverages,10,95,450,5
2026-04-19,SKU003,Tea 190g,Beverages,24,71,450,5
2026-04-20,SKU003,Tea 190g,Beverages,19,52,450,5
2026-04-21,SKU003,Tea 190g,Beverages,11,41,450,5
2026-04-22,SKU003,Tea 190g,Beverages,8,33,450,5
2026-04-23,SKU003,Tea 190g,Beverages,9,197,450,5
2026-04-24,SKU003,Tea 190g,Beverages,10,187,450,5
2026-04-25,SKU003,Tea 190g,Beverages,15,172,450,5
2026-04-26,SKU003,Tea 190g,Beverages,18,154,450,5
2026-04-27,SKU003,Tea 190g,Beverages,9,145,450,5
2026-04-28,SKU003,Tea 190g,Beverages,9,136,450,5
2026-04-29,SKU003,Tea 190g,Beverages,13,123,450,5
2026-04-30,SKU003,Tea 190g,Beverages,15,108,450,5
2026-05-01,SKU003,Tea 190g,Beverages,18,90,450,5
2026-05-02,SKU003,Tea 190g,Beverages,18,72,450,5
2026-05-03,SKU003,Tea 190g,Beverages,9,63,450,5
2026-05-04,SKU003,Tea 190g,Beverages,7,56,450,5
2026-05-05,SKU003,Tea 190g,Beverages,14,42,450,5
2026-05-06,SKU003,Tea 190g,Beverages,19,132,450,5
2026-05-07,SKU003,Tea 190g,Beverages,15,117,450,5
2026-05-08,SKU003,Tea 190g,Beverages,14,103,450,5
2026-05-09,SKU003,Tea 190g,Beverages,15,88,450,5
2026-05-10,SKU003,Tea 190g,Beverages,19,69,450,5
2026-05-11,SKU003,Tea 190g,Beverages,20,49,450,5
2026-05-12,SKU003,Tea 190g,Beverages,15,34,450,5
2026-05-13,SKU003,Tea 190g,Beverages,13,21,450,5
2026-05-14,SKU003,Tea 190g,Beverages,12,220,450,5
2026-05-15,SKU003,Tea 190g,Beverages,11,209,450,5
2026-05-16,SKU003,Tea 190g,Beverages,14,195,450,5
2026-05-17,SKU003,Tea 190g,Beverages,15,180,450,5
2026-05-18,SKU003,Tea 190g,Beverages,6,174,450,5
2026-05-19,SKU003,Tea 190g,Beverages,13,161,450,5
2026-05-20,SKU003,Tea 190g,Beverages,8,153,450,5
2026-05-21,SKU003,Tea 190g,Beverages,15,138,450,5
2026-05-22,SKU003,Tea 190g,Beverages,12,126,450,5
2026-05-23,SKU003,Tea 190g,Beverages,12,114,450,5
2026-05-24,SKU003,Tea 190g,Beverages,12,102,450,5
2026-05-25,SKU003,Tea 190g,Beverages,16,86,450,5
2026-05-26,SKU003,Tea 190g,Beverages,11,75,450,5
2026-05-27,SKU003,Tea 190g,Beverages,18,57,450,5
2026-05-28,SKU003,Tea 190g,Beverages,8,190,450,5
2026-05-29,SKU003,Tea 190g,Beverages,10,180,450,5
2026-05-30,SKU003,Tea 190g,Beverages,21,159,450,5
2026-05-31,SKU003,Tea 190g,Beverages,16,143,450,5
2026-06-01,SKU003,Tea 190g,Beverages,16,127,450,5
2026-06-02,SKU003,Tea 190g,Beverages,12,115,450,5
2026-06-03,SKU003,Tea 190g,Beverages,14,101,450,5
2026-06-04,SKU003,Tea 190g,Beverages,15,86,450,5
2026-06-05,SKU003,Tea 190g,Beverages,12,74,450,5
2026-06-06,SKU003,Tea 190g,Beverages,14,60,450,5
2026-06-07,SKU003,Tea 190g,Beverages,15,45,450,5
2026-06-08,SKU003,Tea 190g,Beverages,13,32,450,5
2026-06-09,SKU003,Tea 190g,Beverages,17,140,450,5
2026-06-10,SKU003,Tea 190g,Beverages,8,132,450,5
2026-06-11,SKU003,Tea 190g,Beverages,7,125,450,5
2026-06-12,SKU003,Tea 190g,Beverages,8,117,450,5
2026-06-13,SKU003,Tea 190g,Beverages,33,84,450,5
2026-06-14,SKU003,Tea 190g,Beverages,14,70,450,5
2026-06-15,SKU003,Tea 190g,Beverages,13,57,450,5
2026-06-16,SKU003,Tea 190g,Beverages,15,42,450,5
2026-06-17,SKU003,Tea 190g,Beverages,10,32,450,5
2026-06-18,SKU003,Tea 190g,Beverages,11,223,450,5
2026-06-19,SKU003,Tea 190g,Beverages,6,217,450,5
2026-06-20,SKU003,Tea 190g,Beverages,15,202,450,5
2026-06-21,SKU003,Tea 190g,Beverages,7,195,450,5
2026-06-22,SKU003,Tea 190g,Beverages,9,186,450,5
2026-06-23,SKU003,Tea 190g,Beverages,10,176,450,5
2026-06-24,SKU003,Tea 190g,Beverages,13,163,450,5
2026-06-25,SKU003,Tea 190g,Beverages,11,152,450,5
2026-06-26,SKU003,Tea 190g,Beverages,6,146,450,5
2026-06-27,SKU003,Tea 190g,Beverages,16,130,450,5
2026-06-28,SKU003,Tea 190g,Beverages,7,123,450,5
2026-06-29,SKU003,Tea 190g,Beverages,11,112,450,5
2026-06-30,SKU003,Tea 190g,Beverages,15,97,450,5
2026-07-01,SKU003,Tea 190g,Beverages,8,89,450,5
2026-07-02,SKU003,Tea 190g,Beverages,16,73,450,5
2026-07-03,SKU003,Tea 190g,Beverages,16,202,450,5
2026-07-04,SKU003,Tea 190g,Beverages,16,186,450,5
2026-07-05,SKU003,Tea 190g,Beverages,14,172,450,5
2026-07-06,SKU003,Tea 190g,Beverages,13,159,450,5
2026-07-07,SKU003,Tea 190g,Beverages,12,147,450,5
2026-07-08,SKU003,Tea 190g,Beverages,9,138,450,5
2026-07-09,SKU003,Tea 190g,Beverages,15,123,450,5
2026-07-10,SKU003,Tea 190g,Beverages,7,116,450,5
2026-07-11,SKU003,Tea 190g,Beverages,13,103,450,5
2026-07-12,SKU003,Tea 190g,Beverages,12,91,450,5
2026-07-13,SKU003,Tea 190g,Beverages,11,80,450,5
2026-07-14,SKU003,Tea 190g,Beverages,16,64,450,5
2026-07-15,SKU003,Tea 190g,Beverages,9,55,450,5
2026-07-16,SKU003,Tea 190g,Beverages,9,236,450,5
2026-07-17,SKU003,Tea 190g,Beverages,12,224,450,5
2026-07-18,SKU003,Tea 190g,Beverages,17,207,450,5
2026-07-19,SKU003,Tea 190g,Beverages,12,195,450,5
2026-07-20,SKU003,Tea 190g,Beverages,11,184,450,5
2026-07-21,SKU003,Tea 190g,Beverages,8,176,450,5
2026-07-22,SKU003,Tea 190g,Beverages,9,167,450,5
2026-07-23,SKU003,Tea 190g,Beverages,13,154,450,5
2026-07-24,SKU003,Tea 190g,Beverages,10,144,450,5
2026-07-25,SKU003,Tea 190g,Beverages,23,121,450,5
2026-07-26,SKU003,Tea 190g,Beverages,12,109,450,5
2026-07-27,SKU003,Tea 190g,Beverages,8,101,450,5
2026-07-28,SKU003,Tea 190g,Beverages,8,93,450,5
2026-07-29,SKU003,Tea 190g,Beverages,8,85,450,5
2026-07-30,SKU003,Tea 190g,Beverages,8,77,450,5
2026-07-31,SKU003,Tea 190g,Beverages,16,212,450,5
2026-08-01,SKU003,Tea 190g,Beverages,15,197,450,5
2026-08-02,SKU003,Tea 190g,Beverages,15,182,450,5
2026-08-03,SKU003,Tea 190g,Beverages,14,168,450,5
2026-08-04,SKU003,Tea 190g,Beverages,7,161,450,5
2026-08-05,SKU003,Tea 190g,Beverages,7,154,450,5
2026-08-06,SKU003,Tea 190g,Beverages,8,146,450,5
2026-08-07,SKU003,Tea 190g,Beverages,15,131,450,5
2026-08-08,SKU003,Tea 190g,Beverages,18,113,450,5
2026-08-09,SKU003,Tea 190g,Beverages,17,96,450,5
2026-08-10,SKU003,Tea 190g,Beverages,23,73,450,5
2026-08-11,SKU003,Tea 190g,Beverages,11,62,450,5
2026-08-12,SKU003,Tea 190g,Beverages,7,55,450,5
2026-08-13,SKU003,Tea 190g,Beverages,8,232,450,5
2026-08-14,SKU003,Tea 190g,Beverages,16,216,450,5
2026-08-15,SKU003,Tea 190g,Beverages,14,202,450,5
2026-08-16,SKU003,Tea 190g,Beverages,15,187,450,5
2026-08-17,SKU003,Tea 190g,Beverages,10,177,450,5
2026-08-18,SKU003,Tea 190g,Beverages,10,167,450,5
2026-08-19,SKU003,Tea 190g,Beverages,10,157,450,5
2026-08-20,SKU003,Tea 190g,Beverages,11,146,450,5
2026-08-21,SKU003,Tea 190g,Beverages,9,137,450,5
2026-08-22,SKU003,Tea 190g,Beverages,9,128,450,5
2026-08-23,SKU003,Tea 190g,Beverages,18,110,450,5
2026-08-24,SKU003,Tea 190g,Beverages,8,102,450,5
2026-08-25,SKU003,Tea 190g,Beverages,14,88,450,5
2026-08-26,SKU003,Tea 190g,Beverages,12,76,450,5
2026-08-27,SKU003,Tea 190g,Beverages,10,66,450,5
2026-08-28,SKU003,Tea 190g,Beverages,12,200,450,5
2026-08-29,SKU003,Tea 190g,Beverages,17,183,450,5
2026-08-30,SKU003,Tea 190g,Beverages,16,167,450,5
2026-08-31,SKU003,Tea 190g,Beverages,10,157,450,5
2026-09-01,SKU003,Tea 190g,Beverages,11,146,450,5
2026-09-02,SKU003,Tea 190g,Beverages,10,136,450,5
2026-09-03,SKU003,Tea 190g,Beverages,16,120,450,5
2026-09-04,SKU003,Tea 190g,Beverages,9,111,450,5
2026-09-05,SKU003,Tea 190g,Beverages,23,88,450,5
2026-09-06,SKU003,Tea 190g,Beverages,17,71,450,5
2026-09-07,SKU003,Tea 190g,Beverages,12,59,450,5
2026-09-08,SKU003,Tea 190g,Beverages,12,47,450,5
2026-09-09,SKU003,Tea 190g,Beverages,10,37,450,5
2026-09-10,SKU003,Tea 190g,Beverages,17,231,450,5
2026-09-11,SKU003,Tea 190g,Beverages,12,219,450,5
2026-09-12,SKU003,Tea 190g,Beverages,19,200,450,5
2026-09-13,SKU003,Tea 190g,Beverages,18,182,450,5
2026-09-14,SKU003,Tea 190g,Beverages,13,169,450,5
2026-09-15,SKU003,Tea 190g,Beverages,11,158,450,5
2026-09-16,SKU003,Tea 190g,Beverages,8,150,450,5
2026-09-17,SKU003,Tea 190g,Beverages,7,143,450,5
2026-09-18,SKU003,Tea 190g,Beverages,10,133,450,5
2026-09-19,SKU003,Tea 190g,Beverages,28,105,450,5
2026-09-20,SKU003,Tea 190g,Beverages,16,89,450,5
2026-09-21,SKU003,Tea 190g,Beverages,10,79,450,5
2026-09-22,SKU003,Tea 190g,Beverages,19,60,450,5
2026-09-23,SKU003,Tea 190g,Beverages,13,47,450,5
2026-09-24,SKU003,Tea 190g,Beverages,16,182,450,5
2026-09-25,SKU003,Tea 190g,Beverages,6,176,450,5
2026-09-26,SKU003,Tea 190g,Beverages,20,156,450,5
2026-09-27,SKU003,Tea 190g,Beverages,16,140,450,5
2026-04-01,SKU004,Biscuits 100g,Snacks,26,394,80,3
2026-04-02,SKU004,Biscuits 100g,Snacks,25,369,80,3
2026-04-03,SKU004,Biscuits 100g,Snacks,41,328,80,3
2026-04-04,SKU004,Biscuits 100g,Snacks,31,297,80,3
2026-04-05,SKU004,Biscuits 100g,Snacks,54,243,80,3
2026-04-06,SKU004,Biscuits 100g,Snacks,34,209,80,3
2026-04-07,SKU004,Biscuits 100g,Snacks,21,188,80,3
2026-04-08,SKU004,Biscuits 100g,Snacks,29,159,80,3
2026-04-09,SKU004,Biscuits 100g,Snacks,31,128,80,3
2026-04-10,SKU004,Biscuits 100g,Snacks,27,101,80,3
2026-04-11,SKU004,Biscuits 100g,Snacks,36,327,80,3
2026-04-12,SKU004,Biscuits 100g,Snacks,29,298,80,3
2026-04-13,SKU004,Biscuits 100g,Snacks,32,266,80,3
2026-04-14,SKU004,Biscuits 100g,Snacks,37,229,80,3
2026-04-15,SKU004,Biscuits 100g,Snacks,13,216,80,3
2026-04-16,SKU004,Biscuits 100g,Snacks,22,194,80,3
2026-04-17,SKU004,Biscuits 100g,Snacks,22,172,80,3
2026-04-18,SKU004,Biscuits 100g,Snacks,29,143,80,3
2026-04-19,SKU004,Biscuits 100g,Snacks,30,113,80,3
2026-04-20,SKU004,Biscuits 100g,Snacks,34,79,80,3
2026-04-21,SKU004,Biscuits 100g,Snacks,27,456,80,3
2026-04-22,SKU004,Biscuits 100g,Snacks,30,426,80,3
2026-04-23,SKU004,Biscuits 100g,Snacks,23,403,80,3
2026-04-24,SKU004,Biscuits 100g,Snacks,21,382,80,3
2026-04-25,SKU004,Biscuits 100g,Snacks,48,334,80,3
2026-04-26,SKU004,Biscuits 100g,Snacks,41,293,80,3
2026-04-27,SKU004,Biscuits 100g,Snacks,21,272,80,3
2026-04-28,SKU004,Biscuits 100g,Snacks,29,243,80,3
2026-04-29,SKU004,Biscuits 100g,Snacks,26,217,80,3
2026-04-30,SKU004,Biscuits 100g,Snacks,32,185,80,3
2026-05-01,SKU004,Biscuits 100g,Snacks,39,146,80,3
2026-05-02,SKU004,Biscuits 100g,Snacks,31,115,80,3
2026-05-03,SKU004,Biscuits 100g,Snacks,42,73,80,3
2026-05-04,SKU004,Biscuits 100g,Snacks,30,326,80,3
2026-05-05,SKU004,Biscuits 100g,Snacks,29,297,80,3
2026-05-06,SKU004,Biscuits 100g,Snacks,33,264,80,3
2026-05-07,SKU004,Biscuits 100g,Snacks,34,230,80,3
2026-05-08,SKU004,Biscuits 100g,Snacks,40,190,80,3
2026-05-09,SKU004,Biscuits 100g,Snacks,47,143,80,3
2026-05-10,SKU004,Biscuits 100g,Snacks,43,100,80,3
2026-05-11,SKU004,Biscuits 100g,Snacks,39,347,80,3
2026-05-12,SKU004,Biscuits 100g,Snacks,29,318,80,3
2026-05-13,SKU004,Biscuits 100g,Snacks,29,289,80,3
2026-05-14,SKU004,Biscuits 100g,Snacks,37,252,80,3
2026-05-15,SKU004,Biscuits 100g,Snacks,35,217,80,3
2026-05-16,SKU004,Biscuits 100g,Snacks,36,181,80,3
2026-05-17,SKU004,Biscuits 100g,Snacks,33,148,80,3
2026-05-18,SKU004,Biscuits 100g,Snacks,31,117,80,3
2026-05-19,SKU004,Biscuits 100g,Snacks,37,530,80,3
2026-05-20,SKU004,Biscuits 100g,Snacks,22,508,80,3
2026-05-21,SKU004,Biscuits 100g,Snacks,25,483,80,3
2026-05-22,SKU004,Biscuits 100g,Snacks,36,447,80,3
2026-05-23,SKU004,Biscuits 100g,Snacks,44,403,80,3
2026-05-24,SKU004,Biscuits 100g,Snacks,37,366,80,3
2026-05-25,SKU004,Biscuits 100g,Snacks,22,344,80,3
2026-05-26,SKU004,Biscuits 100g,Snacks,26,318,80,3
2026-05-27,SKU004,Biscuits 100g,Snacks,30,288,80,3
2026-05-28,SKU004,Biscuits 100g,Snacks,20,268,80,3
2026-05-29,SKU004,Biscuits 100g,Snacks,36,232,80,3
2026-05-30,SKU004,Biscuits 100g,Snacks,50,182,80,3
2026-05-31,SKU004,Biscuits 100g,Snacks,51,131,80,3
2026-06-01,SKU004,Biscuits 100g,Snacks,30,101,80,3
2026-06-02,SKU004,Biscuits 100g,Snacks,33,539,80,3
2026-06-03,SKU004,Biscuits 100g,Snacks,29,510,80,3
2026-06-04,SKU004,Biscuits 100g,Snacks,31,479,80,3
2026-06-05,SKU004,Biscuits 100g,Snacks,27,452,80,3
2026-06-06,SKU004,Biscuits 100g,Snacks,45,407,80,3
2026-06-07,SKU004,Biscuits 100g,Snacks,43,364,80,3
2026-06-08,SKU004,Biscuits 100g,Snacks,46,318,80,3
2026-06-09,SKU004,Biscuits 100g,Snacks,38,280,80,3
2026-06-10,SKU004,Biscuits 100g,Snacks,41,239,80,3
2026-06-11,SKU004,Biscuits 100g,Snacks,25,214,80,3
2026-06-12,SKU004,Biscuits 100g,Snacks,34,180,80,3
2026-06-13,SKU004,Biscuits 100g,Snacks,46,134,80,3
2026-06-14,SKU004,Biscuits 100g,Snacks,48,86,80,3
2026-06-15,SKU004,Biscuits 100g,Snacks,25,405,80,3
2026-06-16,SKU004,Biscuits 100g,Snacks,41,364,80,3
2026-06-17,SKU004,Biscuits 100g,Snacks,31,333,80,3
2026-06-18,SKU004,Biscuits 100g,Snacks,30,303,80,3
2026-06-19,SKU004,Biscuits 100g,Snacks,28,275,80,3
2026-06-20,SKU004,Biscuits 100g,Snacks,38,237,80,3
2026-06-21,SKU004,Biscuits 100g,Snacks,59,178,80,3
2026-06-22,SKU004,Biscuits 100g,Snacks,38,140,80,3
2026-06-23,SKU004,Biscuits 100g,Snacks,26,541,80,3
2026-06-24,SKU004,Biscuits 100g,Snacks,38,503,80,3
2026-06-25,SKU004,Biscuits 100g,Snacks,42,461,80,3
2026-06-26,SKU004,Biscuits 100g,Snacks,36,425,80,3
2026-06-27,SKU004,Biscuits 100g,Snacks,41,384,80,3
2026-06-28,SKU004,Biscuits 100g,Snacks,66,318,80,3
2026-06-29,SKU004,Biscuits 100g,Snacks,33,285,80,3
2026-06-30,SKU004,Biscuits 100g,Snacks,31,254,80,3
2026-07-01,SKU004,Biscuits 100g,Snacks,41,213,80,3
2026-07-02,SKU004,Biscuits 100g,Snacks,44,169,80,3
2026-07-03,SKU004,Biscuits 100g,Snacks,32,137,80,3
2026-07-04,SKU004,Biscuits 100g,Snacks,60,405,80,3
2026-07-05,SKU004,Biscuits 100g,Snacks,51,354,80,3
2026-07-06,SKU004,Biscuits 100g,Snacks,36,318,80,3
2026-07-07,SKU004,Biscuits 100g,Snacks,33,285,80,3
2026-07-08,SKU004,Biscuits 100g,Snacks,39,246,80,3
2026-07-09,SKU004,Biscuits 100g,Snacks,42,204,80,3
2026-07-10,SKU004,Biscuits 100g,Snacks,37,167,80,3
2026-07-11,SKU004,Biscuits 100g,Snacks,48,119,80,3
2026-07-12,SKU004,Biscuits 100g,Snacks,59,443,80,3
2026-07-13,SKU004,Biscuits 100g,Snacks,37,406,80,3
2026-07-14,SKU004,Biscuits 100g,Snacks,31,375,80,3
2026-07-15,SKU004,Biscuits 100g,Snacks,33,342,80,3
2026-07-16,SKU004,Biscuits 100g,Snacks,46,296,80,3
2026-07-17,SKU004,Biscuits 100g,Snacks,32,264,80,3
2026-07-18,SKU004,Biscuits 100g,Snacks,44,220,80,3
2026-07-19,SKU004,Biscuits 100g,Snacks,64,156,80,3
2026-07-20,SKU004,Biscuits 100g,Snacks,30,126,80,3
2026-07-21,SKU004,Biscuits 100g,Snacks,33,615,80,3
2026-07-22,SKU004,Biscuits 100g,Snacks,28,587,80,3
2026-07-23,SKU004,Biscuits 100g,Snacks,40,547,80,3
2026-07-24,SKU004,Biscuits 100g,Snacks,45,502,80,3
2026-07-25,SKU004,Biscuits 100g,Snacks,58,444,80,3
2026-07-26,SKU004,Biscuits 100g,Snacks,46,398,80,3
2026-07-27,SKU004,Biscuits 100g,Snacks,41,357,80,3
2026-07-28,SKU004,Biscuits 100g,Snacks,41,316,80,3
2026-07-29,SKU004,Biscuits 100g,Snacks,46,270,80,3
2026-07-30,SKU004,Biscuits 100g,Snacks,43,227,80,3
2026-07-31,SKU004,Biscuits 100g,Snacks,44,183,80,3
2026-08-01,SKU004,Biscuits 100g,Snacks,45,138,80,3
2026-08-02,SKU004,Biscuits 100g,Snacks,57,435,80,3
2026-08-03,SKU004,Biscuits 100g,Snacks,43,392,80,3
2026-08-04,SKU004,Biscuits 100g,Snacks,37,355,80,3
2026-08-05,SKU004,Biscuits 100g,Snacks,46,309,80,3
2026-08-06,SKU004,Biscuits 100g,Snacks,36,273,80,3
2026-08-07,SKU004,Biscuits 100g,Snacks,40,233,80,3
2026-08-08,SKU004,Biscuits 100g,Snacks,47,186,80,3
2026-08-09,SKU004,Biscuits 100g,Snacks,69,117,80,3
2026-08-10,SKU004,Biscuits 100g,Snacks,48,478,80,3
2026-08-11,SKU004,Biscuits 100g,Snacks,38,440,80,3
2026-08-12,SKU004,Biscuits 100g,Snacks,38,402,80,3
2026-08-13,SKU004,Biscuits 100g,Snacks,44,358,80,3
2026-08-14,SKU004,Biscuits 100g,Snacks,44,314,80,3
2026-08-15,SKU004,Biscuits 100g,Snacks,55,259,80,3
2026-08-16,SKU004,Biscuits 100g,Snacks,51,208,80,3
2026-08-17,SKU004,Biscuits 100g,Snacks,52,156,80,3
2026-08-18,SKU004,Biscuits 100g,Snacks,43,685,80,3
2026-08-19,SKU004,Biscuits 100g,Snacks,46,639,80,3
2026-08-20,SKU004,Biscuits 100g,Snacks,47,592,80,3
2026-08-21,SKU004,Biscuits 100g,Snacks,38,554,80,3
2026-08-22,SKU004,Biscuits 100g,Snacks,47,507,80,3
2026-08-23,SKU004,Biscuits 100g,Snacks,58,449,80,3
2026-08-24,SKU004,Biscuits 100g,Snacks,43,406,80,3
2026-08-25,SKU004,Biscuits 100g,Snacks,39,367,80,3
2026-08-26,SKU004,Biscuits 100g,Snacks,42,325,80,3
2026-08-27,SKU004,Biscuits 100g,Snacks,38,287,80,3
2026-08-28,SKU004,Biscuits 100g,Snacks,38,249,80,3
2026-08-29,SKU004,Biscuits 100g,Snacks,51,198,80,3
2026-08-30,SKU004,Biscuits 100g,Snacks,49,149,80,3
2026-08-31,SKU004,Biscuits 100g,Snacks,35,114,80,3
2026-09-01,SKU004,Biscuits 100g,Snacks,46,747,80,3
2026-09-02,SKU004,Biscuits 100g,Snacks,48,699,80,3
2026-09-03,SKU004,Biscuits 100g,Snacks,48,651,80,3
2026-09-04,SKU004,Biscuits 100g,Snacks,50,601,80,3
2026-09-05,SKU004,Biscuits 100g,Snacks,61,540,80,3
2026-09-06,SKU004,Biscuits 100g,Snacks,56,484,80,3
2026-09-07,SKU004,Biscuits 100g,Snacks,41,443,80,3
2026-09-08,SKU004,Biscuits 100g,Snacks,41,402,80,3
2026-09-09,SKU004,Biscuits 100g,Snacks,42,360,80,3
2026-09-10,SKU004,Biscuits 100g,Snacks,54,306,80,3
2026-09-11,SKU004,Biscuits 100g,Snacks,51,255,80,3
2026-09-12,SKU004,Biscuits 100g,Snacks,55,200,80,3
2026-09-13,SKU004,Biscuits 100g,Snacks,73,127,80,3
2026-09-14,SKU004,Biscuits 100g,Snacks,44,503,80,3
2026-09-15,SKU004,Biscuits 100g,Snacks,44,459,80,3
2026-09-16,SKU004,Biscuits 100g,Snacks,44,415,80,3
2026-09-17,SKU004,Biscuits 100g,Snacks,33,382,80,3
2026-09-18,SKU004,Biscuits 100g,Snacks,45,337,80,3
2026-09-19,SKU004,Biscuits 100g,Snacks,43,294,80,3
2026-09-20,SKU004,Biscuits 100g,Snacks,55,239,80,3
2026-09-21,SKU004,Biscuits 100g,Snacks,35,204,80,3
2026-09-22,SKU004,Biscuits 100g,Snacks,46,720,80,3
2026-09-23,SKU004,Biscuits 100g,Snacks,49,671,80,3
2026-09-24,SKU004,Biscuits 100g,Snacks,48,623,80,3
2026-09-25,SKU004,Biscuits 100g,Snacks,43,580,80,3
2026-09-26,SKU004,Biscuits 100g,Snacks,75,505,80,3
2026-09-27,SKU004,Biscuits 100g,Snacks,63,442,80,3
2026-04-01,SKU005,Detergent 1kg,Household,9,153,520,6
2026-04-02,SKU005,Detergent 1kg,Household,2,151,520,6
2026-04-03,SKU005,Detergent 1kg,Household,7,144,520,6
2026-04-04,SKU005,Detergent 1kg,Household,13,131,520,6
2026-04-05,SKU005,Detergent 1kg,Household,13,118,520,6
2026-04-06,SKU005,Detergent 1kg,Household,11,107,520,6
2026-04-07,SKU005,Detergent 1kg,Household,17,90,520,6
2026-04-08,SKU005,Detergent 1kg,Household,8,82,520,6
2026-04-09,SKU005,Detergent 1kg,Household,7,75,520,6
2026-04-10,SKU005,Detergent 1kg,Household,5,70,520,6
2026-04-11,SKU005,Detergent 1kg,Household,16,54,520,6
2026-04-12,SKU005,Detergent 1kg,Household,13,41,520,6
2026-04-13,SKU005,Detergent 1kg,Household,5,36,520,6
2026-04-14,SKU005,Detergent 1kg,Household,11,25,520,6
2026-04-15,SKU005,Detergent 1kg,Household,4,104,520,6
2026-04-16,SKU005,Detergent 1kg,Household,10,94,520,6
2026-04-17,SKU005,Detergent 1kg,Household,8,86,520,6
2026-04-18,SKU005,Detergent 1kg,Household,12,74,520,6
2026-04-19,SKU005,Detergent 1kg,Household,10,64,520,6
2026-04-20,SKU005,Detergent 1kg,Household,7,57,520,6
2026-04-21,SKU005,Detergent 1kg,Household,10,47,520,6
2026-04-22,SKU005,Detergent 1kg,Household,8,39,520,6
2026-04-23,SKU005,Detergent 1kg,Household,6,33,520,6
2026-04-24,SKU005,Detergent 1kg,Household,10,145,520,6
2026-04-25,SKU005,Detergent 1kg,Household,12,133,520,6
2026-04-26,SKU005,Detergent 1kg,Household,8,125,520,6
2026-04-27,SKU005,Detergent 1kg,Household,6,119,520,6
2026-04-28,SKU005,Detergent 1kg,Household,3,116,520,6
2026-04-29,SKU005,Detergent 1kg,Household,6,110,520,6
2026-04-30,SKU005,Detergent 1kg,Household,6,104,520,6
2026-05-01,SKU005,Detergent 1kg,Household,10,94,520,6
2026-05-02,SKU005,Detergent 1kg,Household,15,79,520,6
2026-05-03,SKU005,Detergent 1kg,Household,11,68,520,6
2026-05-04,SKU005,Detergent 1kg,Household,7,61,520,6
2026-05-05,SKU005,Detergent 1kg,Household,11,50,520,6
2026-05-06,SKU005,Detergent 1kg,Household,6,44,520,6
2026-05-07,SKU005,Detergent 1kg,Household,10,34,520,6
2026-05-08,SKU005,Detergent 1kg,Household,11,150,520,6
2026-05-09,SKU005,Detergent 1kg,Household,8,142,520,6
2026-05-10,SKU005,Detergent 1kg,Household,12,130,520,6
2026-05-11,SKU005,Detergent 1kg,Household,4,126,520,6
2026-05-12,SKU005,Detergent 1kg,Household,4,122,520,6
2026-05-13,SKU005,Detergent 1kg,Household,6,116,520,6
2026-05-14,SKU005,Detergent 1kg,Household,16,100,520,6
2026-05-15,SKU005,Detergent 1kg,Household,9,91,520,6
2026-05-16,SKU005,Detergent 1kg,Household,9,82,520,6
2026-05-17,SKU005,Detergent 1kg,Household,8,74,520,6
2026-05-18,SKU005,Detergent 1kg,Household,9,65,520,6
2026-05-19,SKU005,Detergent 1kg,Household,10,55,520,6
2026-05-20,SKU005,Detergent 1kg,Household,8,47,520,6
2026-05-21,SKU005,Detergent 1kg,Household,5,42,520,6
2026-05-22,SKU005,Detergent 1kg,Household,9,154,520,6
2026-05-23,SKU005,Detergent 1kg,Household,10,144,520,6
2026-05-24,SKU005,Detergent 1kg,Household,5,139,520,6
2026-05-25,SKU005,Detergent 1kg,Household,10,129,520,6
2026-05-26,SKU005,Detergent 1kg,Household,4,125,520,6
2026-05-27,SKU005,Detergent 1kg,Household,8,117,520,6
2026-05-28,SKU005,Detergent 1kg,Household,7,110,520,6
2026-05-29,SKU005,Detergent 1kg,Household,12,98,520,6
2026-05-30,SKU005,Detergent 1kg,Household,6,92,520,6
2026-05-31,SKU005,Detergent 1kg,Household,7,85,520,6
2026-06-01,SKU005,Detergent 1kg,Household,11,74,520,6
2026-06-02,SKU005,Detergent 1kg,Household,7,67,520,6
2026-06-03,SKU005,Detergent 1kg,Household,8,59,520,6
2026-06-04,SKU005,Detergent 1kg,Household,2,57,520,6
2026-06-05,SKU005,Detergent 1kg,Household,12,153,520,6
2026-06-06,SKU005,Detergent 1kg,Household,11,142,520,6
2026-06-07,SKU005,Detergent 1kg,Household,10,132,520,6
2026-06-08,SKU005,Detergent 1kg,Household,5,127,520,6
2026-06-09,SKU005,Detergent 1kg,Household,7,120,520,6
2026-06-10,SKU005,Detergent 1kg,Household,9,111,520,6
2026-06-11,SKU005,Detergent 1kg,Household,5,106,520,6
2026-06-12,SKU005,Detergent 1kg,Household,4,102,520,6
2026-06-13,SKU005,Detergent 1kg,Household,16,86,520,6
2026-06-14,SKU005,Detergent 1kg,Household,12,74,520,6
2026-06-15,SKU005,Detergent 1kg,Household,10,64,520,6
2026-06-16,SKU005,Detergent 1kg,Household,7,57,520,6
2026-06-17,SKU005,Detergent 1kg,Household,8,49,520,6
2026-06-18,SKU005,Detergent 1kg,Household,1,48,520,6
2026-06-19,SKU005,Detergent 1kg,Household,7,165,520,6
2026-06-20,SKU005,Detergent 1kg,Household,7,158,520,6
2026-06-21,SKU005,Detergent 1kg,Household,11,147,520,6
2026-06-22,SKU005,Detergent 1kg,Household,13,134,520,6
2026-06-23,SKU005,Detergent 1kg,Household,5,129,520,6
2026-06-24,SKU005,Detergent 1kg,Household,6,123,520,6
2026-06-25,SKU005,Detergent 1kg,Household,14,109,520,6
2026-06-26,SKU005,Detergent 1kg,Household,8,101,520,6
2026-06-27,SKU005,Detergent 1kg,Household,12,89,520,6
2026-06-28,SKU005,Detergent 1kg,Household,12,77,520,6
2026-06-29,SKU005,Detergent 1kg,Household,7,70,520,6
2026-06-30,SKU005,Detergent 1kg,Household,11,59,520,6
2026-07-01,SKU005,Detergent 1kg,Household,6,53,520,6
2026-07-02,SKU005,Detergent 1kg,Household,9,44,520,6
2026-07-03,SKU005,Detergent 1kg,Household,11,137,520,6
2026-07-04,SKU005,Detergent 1kg,Household,19,118,520,6
2026-07-05,SKU005,Detergent 1kg,Household,13,105,520,6
2026-07-06,SKU005,Detergent 1kg,Household,5,100,520,6
2026-07-07,SKU005,Detergent 1kg,Household,8,92,520,6
2026-07-08,SKU005,Detergent 1kg,Household,12,80,520,6
2026-07-09,SKU005,Detergent 1kg,Household,9,71,520,6
2026-07-10,SKU005,Detergent 1kg,Household,8,63,520,6
2026-07-11,SKU005,Detergent 1kg,Household,11,164,520,6
2026-07-12,SKU005,Detergent 1kg,Household,13,151,520,6
2026-07-13,SKU005,Detergent 1kg,Household,8,143,520,6
2026-07-14,SKU005,Detergent 1kg,Household,9,134,520,6
2026-07-15,SKU005,Detergent 1kg,Household,3,131,520,6
2026-07-16,SKU005,Detergent 1kg,Household,8,123,520,6
2026-07-17,SKU005,Detergent 1kg,Household,10,113,520,6
2026-07-18,SKU005,Detergent 1kg,Household,7,106,520,6
2026-07-19,SKU005,Detergent 1kg,Household,8,98,520,6
2026-07-20,SKU005,Detergent 1kg,Household,13,85,520,6
2026-07-21,SKU005,Detergent 1kg,Household,7,78,520,6
2026-07-22,SKU005,Detergent 1kg,Household,10,68,520,6
2026-07-23,SKU005,Detergent 1kg,Household,16,52,520,6
2026-07-24,SKU005,Detergent 1kg,Household,8,44,520,6
2026-07-25,SKU005,Detergent 1kg,Household,11,33,520,6
2026-07-26,SKU005,Detergent 1kg,Household,12,21,520,6
2026-07-27,SKU005,Detergent 1kg,Household,11,10,520,6
2026-07-28,SKU005,Detergent 1kg,Household,10,0,520,6
2026-07-29,SKU005,Detergent 1kg,Household,9,74,520,6
2026-07-30,SKU005,Detergent 1kg,Household,7,67,520,6
2026-07-31,SKU005,Detergent 1kg,Household,8,59,520,6
2026-08-01,SKU005,Detergent 1kg,Household,11,48,520,6
2026-08-02,SKU005,Detergent 1kg,Household,14,34,520,6
2026-08-03,SKU005,Detergent 1kg,Household,3,31,520,6
2026-08-04,SKU005,Detergent 1kg,Household,9,22,520,6
2026-08-05,SKU005,Detergent 1kg,Household,8,93,520,6
2026-08-06,SKU005,Detergent 1kg,Household,12,81,520,6
2026-08-07,SKU005,Detergent 1kg,Household,10,71,520,6
2026-08-08,SKU005,Detergent 1kg,Household,15,56,520,6
2026-08-09,SKU005,Detergent 1kg,Household,14,42,520,6
2026-08-10,SKU005,Detergent 1kg,Household,5,37,520,6
2026-08-11,SKU005,Detergent 1kg,Household,13,24,520,6
2026-08-12,SKU005,Detergent 1kg,Household,8,16,520,6
2026-08-13,SKU005,Detergent 1kg,Household,6,97,520,6
2026-08-14,SKU005,Detergent 1kg,Household,7,90,520,6
2026-08-15,SKU005,Detergent 1kg,Household,11,79,520,6
2026-08-16,SKU005,Detergent 1kg,Household,14,65,520,6
2026-08-17,SKU005,Detergent 1kg,Household,9,56,520,6
2026-08-18,SKU005,Detergent 1kg,Household,7,49,520,6
2026-08-19,SKU005,Detergent 1kg,Household,12,37,520,6
2026-08-20,SKU005,Detergent 1kg,Household,5,32,520,6
2026-08-21,SKU005,Detergent 1kg,Household,5,148,520,6
2026-08-22,SKU005,Detergent 1kg,Household,8,140,520,6
2026-08-23,SKU005,Detergent 1kg,Household,7,133,520,6
2026-08-24,SKU005,Detergent 1kg,Household,2,131,520,6
2026-08-25,SKU005,Detergent 1kg,Household,5,126,520,6
2026-08-26,SKU005,Detergent 1kg,Household,3,123,520,6
2026-08-27,SKU005,Detergent 1kg,Household,9,114,520,6
2026-08-28,SKU005,Detergent 1kg,Household,10,104,520,6
2026-08-29,SKU005,Detergent 1kg,Household,7,97,520,6
2026-08-30,SKU005,Detergent 1kg,Household,13,84,520,6
2026-08-31,SKU005,Detergent 1kg,Household,6,78,520,6
2026-09-01,SKU005,Detergent 1kg,Household,9,69,520,6
2026-09-02,SKU005,Detergent 1kg,Household,7,62,520,6
2026-09-03,SKU005,Detergent 1kg,Household,10,52,520,6
2026-09-04,SKU005,Detergent 1kg,Household,6,152,520,6
2026-09-05,SKU005,Detergent 1kg,Household,7,145,520,6
2026-09-06,SKU005,Detergent 1kg,Household,9,136,520,6
2026-09-07,SKU005,Detergent 1kg,Household,9,127,520,6
2026-09-08,SKU005,Detergent 1kg,Household,9,118,520,6
2026-09-09,SKU005,Detergent 1kg,Household,9,109,520,6
2026-09-10,SKU005,Detergent 1kg,Household,8,101,520,6
2026-09-11,SKU005,Detergent 1kg,Household,9,92,520,6
2026-09-12,SKU005,Detergent 1kg,Household,6,86,520,6
2026-09-13,SKU005,Detergent 1kg,Household,8,78,520,6
2026-09-14,SKU005,Detergent 1kg,Household,10,68,520,6
2026-09-15,SKU005,Detergent 1kg,Household,5,63,520,6
2026-09-16,SKU005,Detergent 1kg,Household,13,50,520,6
2026-09-17,SKU005,Detergent 1kg,Household,9,41,520,6
2026-09-18,SKU005,Detergent 1kg,Household,8,153,520,6
2026-09-19,SKU005,Detergent 1kg,Household,15,138,520,6
2026-09-20,SKU005,Detergent 1kg,Household,11,127,520,6
2026-09-21,SKU005,Detergent 1kg,Household,7,120,520,6
2026-09-22,SKU005,Detergent 1kg,Household,9,111,520,6
2026-09-23,SKU005,Detergent 1kg,Household,9,102,520,6
2026-09-24,SKU005,Detergent 1kg,Household,9,93,520,6
2026-09-25,SKU005,Detergent 1kg,Household,6,87,520,6
2026-09-26,SKU005,Detergent 1kg,Household,7,80,520,6
2026-09-27,SKU005,Detergent 1kg,Household,11,69,520,6
2026-04-01,SKU006,Specialty Sauce 250ml,Pantry,2,21,350,7
2026-04-02,SKU006,Specialty Sauce 250ml,Pantry,1,20,350,7
2026-04-03,SKU006,Specialty Sauce 250ml,Pantry,0,20,350,7
2026-04-04,SKU006,Specialty Sauce 250ml,Pantry,3,17,350,7
2026-04-05,SKU006,Specialty Sauce 250ml,Pantry,2,15,350,7
2026-04-06,SKU006,Specialty Sauce 250ml,Pantry,0,15,350,7
2026-04-07,SKU006,Specialty Sauce 250ml,Pantry,1,14,350,7
2026-04-08,SKU006,Specialty Sauce 250ml,Pantry,3,11,350,7
2026-04-09,SKU006,Specialty Sauce 250ml,Pantry,1,10,350,7
2026-04-10,SKU006,Specialty Sauce 250ml,Pantry,0,10,350,7
2026-04-11,SKU006,Specialty Sauce 250ml,Pantry,2,8,350,7
2026-04-12,SKU006,Specialty Sauce 250ml,Pantry,0,24,350,7
2026-04-13,SKU006,Specialty Sauce 250ml,Pantry,1,23,350,7
2026-04-14,SKU006,Specialty Sauce 250ml,Pantry,0,23,350,7
2026-04-15,SKU006,Specialty Sauce 250ml,Pantry,1,22,350,7
2026-04-16,SKU006,Specialty Sauce 250ml,Pantry,2,20,350,7
2026-04-17,SKU006,Specialty Sauce 250ml,Pantry,2,18,350,7
2026-04-18,SKU006,Specialty Sauce 250ml,Pantry,0,18,350,7
2026-04-19,SKU006,Specialty Sauce 250ml,Pantry,0,18,350,7
2026-04-20,SKU006,Specialty Sauce 250ml,Pantry,0,18,350,7
2026-04-21,SKU006,Specialty Sauce 250ml,Pantry,3,15,350,7
2026-04-22,SKU006,Specialty Sauce 250ml,Pantry,2,13,350,7
2026-04-23,SKU006,Specialty Sauce 250ml,Pantry,1,12,350,7
2026-04-24,SKU006,Specialty Sauce 250ml,Pantry,0,12,350,7
2026-04-25,SKU006,Specialty Sauce 250ml,Pantry,2,10,350,7
2026-04-26,SKU006,Specialty Sauce 250ml,Pantry,1,9,350,7
2026-04-27,SKU006,Specialty Sauce 250ml,Pantry,0,9,350,7
2026-04-28,SKU006,Specialty Sauce 250ml,Pantry,0,9,350,7
2026-04-29,SKU006,Specialty Sauce 250ml,Pantry,2,7,350,7
2026-04-30,SKU006,Specialty Sauce 250ml,Pantry,0,7,350,7
2026-05-01,SKU006,Specialty Sauce 250ml,Pantry,0,7,350,7
2026-05-02,SKU006,Specialty Sauce 250ml,Pantry,0,24,350,7
2026-05-03,SKU006,Specialty Sauce 250ml,Pantry,3,21,350,7
2026-05-04,SKU006,Specialty Sauce 250ml,Pantry,1,20,350,7
2026-05-05,SKU006,Specialty Sauce 250ml,Pantry,0,20,350,7
2026-05-06,SKU006,Specialty Sauce 250ml,Pantry,6,14,350,7
2026-05-07,SKU006,Specialty Sauce 250ml,Pantry,0,14,350,7
2026-05-08,SKU006,Specialty Sauce 250ml,Pantry,0,14,350,7
2026-05-09,SKU006,Specialty Sauce 250ml,Pantry,0,14,350,7
2026-05-10,SKU006,Specialty Sauce 250ml,Pantry,0,14,350,7
2026-05-11,SKU006,Specialty Sauce 250ml,Pantry,1,13,350,7
2026-05-12,SKU006,Specialty Sauce 250ml,Pantry,2,11,350,7
2026-05-13,SKU006,Specialty Sauce 250ml,Pantry,1,10,350,7
2026-05-14,SKU006,Specialty Sauce 250ml,Pantry,0,10,350,7
2026-05-15,SKU006,Specialty Sauce 250ml,Pantry,0,10,350,7
2026-05-16,SKU006,Specialty Sauce 250ml,Pantry,1,26,350,7
2026-05-17,SKU006,Specialty Sauce 250ml,Pantry,3,23,350,7
2026-05-18,SKU006,Specialty Sauce 250ml,Pantry,2,21,350,7
2026-05-19,SKU006,Specialty Sauce 250ml,Pantry,1,20,350,7
2026-05-20,SKU006,Specialty Sauce 250ml,Pantry,1,19,350,7
2026-05-21,SKU006,Specialty Sauce 250ml,Pantry,1,18,350,7
2026-05-22,SKU006,Specialty Sauce 250ml,Pantry,0,18,350,7
2026-05-23,SKU006,Specialty Sauce 250ml,Pantry,0,18,350,7
2026-05-24,SKU006,Specialty Sauce 250ml,Pantry,2,16,350,7
2026-05-25,SKU006,Specialty Sauce 250ml,Pantry,0,16,350,7
2026-05-26,SKU006,Specialty Sauce 250ml,Pantry,3,13,350,7
2026-05-27,SKU006,Specialty Sauce 250ml,Pantry,0,13,350,7
2026-05-28,SKU006,Specialty Sauce 250ml,Pantry,1,12,350,7
2026-05-29,SKU006,Specialty Sauce 250ml,Pantry,2,10,350,7
2026-05-30,SKU006,Specialty Sauce 250ml,Pantry,2,8,350,7
2026-05-31,SKU006,Specialty Sauce 250ml,Pantry,1,7,350,7
2026-06-01,SKU006,Specialty Sauce 250ml,Pantry,1,6,350,7
2026-06-02,SKU006,Specialty Sauce 250ml,Pantry,0,6,350,7
2026-06-03,SKU006,Specialty Sauce 250ml,Pantry,1,5,350,7
2026-06-04,SKU006,Specialty Sauce 250ml,Pantry,0,5,350,7
2026-06-05,SKU006,Specialty Sauce 250ml,Pantry,1,14,350,7
2026-06-06,SKU006,Specialty Sauce 250ml,Pantry,1,13,350,7
2026-06-07,SKU006,Specialty Sauce 250ml,Pantry,1,12,350,7
2026-06-08,SKU006,Specialty Sauce 250ml,Pantry,2,10,350,7
2026-06-09,SKU006,Specialty Sauce 250ml,Pantry,3,7,350,7
2026-06-10,SKU006,Specialty Sauce 250ml,Pantry,2,5,350,7
2026-06-11,SKU006,Specialty Sauce 250ml,Pantry,1,4,350,7
2026-06-12,SKU006,Specialty Sauce 250ml,Pantry,0,4,350,7
2026-06-13,SKU006,Specialty Sauce 250ml,Pantry,1,21,350,7
2026-06-14,SKU006,Specialty Sauce 250ml,Pantry,1,20,350,7
2026-06-15,SKU006,Specialty Sauce 250ml,Pantry,0,20,350,7
2026-06-16,SKU006,Specialty Sauce 250ml,Pantry,2,18,350,7
2026-06-17,SKU006,Specialty Sauce 250ml,Pantry,0,18,350,7
2026-06-18,SKU006,Specialty Sauce 250ml,Pantry,1,17,350,7
2026-06-19,SKU006,Specialty Sauce 250ml,Pantry,2,15,350,7
2026-06-20,SKU006,Specialty Sauce 250ml,Pantry,3,12,350,7
2026-06-21,SKU006,Specialty Sauce 250ml,Pantry,1,11,350,7
2026-06-22,SKU006,Specialty Sauce 250ml,Pantry,1,10,350,7
2026-06-23,SKU006,Specialty Sauce 250ml,Pantry,0,10,350,7
2026-06-24,SKU006,Specialty Sauce 250ml,Pantry,2,8,350,7
2026-06-25,SKU006,Specialty Sauce 250ml,Pantry,0,8,350,7
2026-06-26,SKU006,Specialty Sauce 250ml,Pantry,0,8,350,7
2026-06-27,SKU006,Specialty Sauce 250ml,Pantry,1,22,350,7
2026-06-28,SKU006,Specialty Sauce 250ml,Pantry,4,18,350,7
2026-06-29,SKU006,Specialty Sauce 250ml,Pantry,0,18,350,7
2026-06-30,SKU006,Specialty Sauce 250ml,Pantry,1,17,350,7
2026-07-01,SKU006,Specialty Sauce 250ml,Pantry,0,17,350,7
2026-07-02,SKU006,Specialty Sauce 250ml,Pantry,0,17,350,7
2026-07-03,SKU006,Specialty Sauce 250ml,Pantry,0,17,350,7
2026-07-04,SKU006,Specialty Sauce 250ml,Pantry,3,14,350,7
2026-07-05,SKU006,Specialty Sauce 250ml,Pantry,3,11,350,7
2026-07-06,SKU006,Specialty Sauce 250ml,Pantry,0,11,350,7
2026-07-07,SKU006,Specialty Sauce 250ml,Pantry,1,10,350,7
2026-07-08,SKU006,Specialty Sauce 250ml,Pantry,0,10,350,7
2026-07-09,SKU006,Specialty Sauce 250ml,Pantry,0,10,350,7
2026-07-10,SKU006,Specialty Sauce 250ml,Pantry,1,9,350,7
2026-07-11,SKU006,Specialty Sauce 250ml,Pantry,2,24,350,7
2026-07-12,SKU006,Specialty Sauce 250ml,Pantry,1,23,350,7
2026-07-13,SKU006,Specialty Sauce 250ml,Pantry,1,22,350,7
2026-07-14,SKU006,Specialty Sauce 250ml,Pantry,0,22,350,7
2026-07-15,SKU006,Specialty Sauce 250ml,Pantry,1,21,350,7
2026-07-16,SKU006,Specialty Sauce 250ml,Pantry,3,18,350,7
2026-07-17,SKU006,Specialty Sauce 250ml,Pantry,0,18,350,7
2026-07-18,SKU006,Specialty Sauce 250ml,Pantry,0,18,350,7
2026-07-19,SKU006,Specialty Sauce 250ml,Pantry,0,18,350,7
2026-07-20,SKU006,Specialty Sauce 250ml,Pantry,0,18,350,7
2026-07-21,SKU006,Specialty Sauce 250ml,Pantry,1,17,350,7
2026-07-22,SKU006,Specialty Sauce 250ml,Pantry,1,16,350,7
2026-07-23,SKU006,Specialty Sauce 250ml,Pantry,2,14,350,7
2026-07-24,SKU006,Specialty Sauce 250ml,Pantry,0,14,350,7
2026-07-25,SKU006,Specialty Sauce 250ml,Pantry,2,12,350,7
2026-07-26,SKU006,Specialty Sauce 250ml,Pantry,1,11,350,7
2026-07-27,SKU006,Specialty Sauce 250ml,Pantry,1,10,350,7
2026-07-28,SKU006,Specialty Sauce 250ml,Pantry,2,8,350,7
2026-07-29,SKU006,Specialty Sauce 250ml,Pantry,1,7,350,7
2026-07-30,SKU006,Specialty Sauce 250ml,Pantry,1,6,350,7
2026-07-31,SKU006,Specialty Sauce 250ml,Pantry,0,6,350,7
2026-08-01,SKU006,Specialty Sauce 250ml,Pantry,3,18,350,7
2026-08-02,SKU006,Specialty Sauce 250ml,Pantry,3,15,350,7
2026-08-03,SKU006,Specialty Sauce 250ml,Pantry,3,12,350,7
2026-08-04,SKU006,Specialty Sauce 250ml,Pantry,0,12,350,7
2026-08-05,SKU006,Specialty Sauce 250ml,Pantry,0,12,350,7
2026-08-06,SKU006,Specialty Sauce 250ml,Pantry,2,10,350,7
2026-08-07,SKU006,Specialty Sauce 250ml,Pantry,2,8,350,7
2026-08-08,SKU006,Specialty Sauce 250ml,Pantry,0,8,350,7
2026-08-09,SKU006,Specialty Sauce 250ml,Pantry,2,21,350,7
2026-08-10,SKU006,Specialty Sauce 250ml,Pantry,4,17,350,7
2026-08-11,SKU006,Specialty Sauce 250ml,Pantry,1,16,350,7
2026-08-12,SKU006,Specialty Sauce 250ml,Pantry,1,15,350,7
2026-08-13,SKU006,Specialty Sauce 250ml,Pantry,1,14,350,7
2026-08-14,SKU006,Specialty Sauce 250ml,Pantry,1,13,350,7
2026-08-15,SKU006,Specialty Sauce 250ml,Pantry,1,12,350,7
2026-08-16,SKU006,Specialty Sauce 250ml,Pantry,2,10,350,7
2026-08-17,SKU006,Specialty Sauce 250ml,Pantry,2,8,350,7
2026-08-18,SKU006,Specialty Sauce 250ml,Pantry,1,7,350,7
2026-08-19,SKU006,Specialty Sauce 250ml,Pantry,0,7,350,7
2026-08-20,SKU006,Specialty Sauce 250ml,Pantry,1,6,350,7
2026-08-21,SKU006,Specialty Sauce 250ml,Pantry,4,2,350,7
2026-08-22,SKU006,Specialty Sauce 250ml,Pantry,1,18,350,7
2026-08-23,SKU006,Specialty Sauce 250ml,Pantry,0,18,350,7
2026-08-24,SKU006,Specialty Sauce 250ml,Pantry,1,17,350,7
2026-08-25,SKU006,Specialty Sauce 250ml,Pantry,0,17,350,7
2026-08-26,SKU006,Specialty Sauce 250ml,Pantry,0,17,350,7
2026-08-27,SKU006,Specialty Sauce 250ml,Pantry,1,16,350,7
2026-08-28,SKU006,Specialty Sauce 250ml,Pantry,0,16,350,7
2026-08-29,SKU006,Specialty Sauce 250ml,Pantry,0,16,350,7
2026-08-30,SKU006,Specialty Sauce 250ml,Pantry,2,14,350,7
2026-08-31,SKU006,Specialty Sauce 250ml,Pantry,2,12,350,7
2026-09-01,SKU006,Specialty Sauce 250ml,Pantry,2,10,350,7
2026-09-02,SKU006,Specialty Sauce 250ml,Pantry,0,10,350,7
2026-09-03,SKU006,Specialty Sauce 250ml,Pantry,0,10,350,7
2026-09-04,SKU006,Specialty Sauce 250ml,Pantry,4,6,350,7
2026-09-05,SKU006,Specialty Sauce 250ml,Pantry,3,3,350,7
2026-09-06,SKU006,Specialty Sauce 250ml,Pantry,2,16,350,7
2026-09-07,SKU006,Specialty Sauce 250ml,Pantry,1,15,350,7
2026-09-08,SKU006,Specialty Sauce 250ml,Pantry,0,15,350,7
2026-09-09,SKU006,Specialty Sauce 250ml,Pantry,2,13,350,7
2026-09-10,SKU006,Specialty Sauce 250ml,Pantry,1,12,350,7
2026-09-11,SKU006,Specialty Sauce 250ml,Pantry,1,11,350,7
2026-09-12,SKU006,Specialty Sauce 250ml,Pantry,4,7,350,7
2026-09-13,SKU006,Specialty Sauce 250ml,Pantry,4,18,350,7
2026-09-14,SKU006,Specialty Sauce 250ml,Pantry,2,16,350,7
2026-09-15,SKU006,Specialty Sauce 250ml,Pantry,1,15,350,7
2026-09-16,SKU006,Specialty Sauce 250ml,Pantry,0,15,350,7
2026-09-17,SKU006,Specialty Sauce 250ml,Pantry,2,13,350,7
2026-09-18,SKU006,Specialty Sauce 250ml,Pantry,3,10,350,7
2026-09-19,SKU006,Specialty Sauce 250ml,Pantry,2,8,350,7
2026-09-20,SKU006,Specialty Sauce 250ml,Pantry,0,8,350,7
2026-09-21,SKU006,Specialty Sauce 250ml,Pantry,2,6,350,7
2026-09-22,SKU006,Specialty Sauce 250ml,Pantry,2,4,350,7
2026-09-23,SKU006,Specialty Sauce 250ml,Pantry,0,4,350,7
2026-09-24,SKU006,Specialty Sauce 250ml,Pantry,4,0,350,7
2026-09-25,SKU006,Specialty Sauce 250ml,Pantry,0,10,350,7
2026-09-26,SKU006,Specialty Sauce 250ml,Pantry,2,8,350,7
2026-09-27,SKU006,Specialty Sauce 250ml,Pantry,1,7,350,7
2026-04-01,SKU007,Bottled Water 1.5L,Beverages,69,1051,110,2
2026-04-02,SKU007,Bottled Water 1.5L,Beverages,71,980,110,2
2026-04-03,SKU007,Bottled Water 1.5L,Beverages,64,916,110,2
2026-04-04,SKU007,Bottled Water 1.5L,Beverages,104,812,110,2
2026-04-05,SKU007,Bottled Water 1.5L,Beverages,94,718,110,2
2026-04-06,SKU007,Bottled Water 1.5L,Beverages,85,633,110,2
2026-04-07,SKU007,Bottled Water 1.5L,Beverages,80,553,110,2
2026-04-08,SKU007,Bottled Water 1.5L,Beverages,72,481,110,2
2026-04-09,SKU007,Bottled Water 1.5L,Beverages,79,402,110,2
2026-04-10,SKU007,Bottled Water 1.5L,Beverages,70,332,110,2
2026-04-11,SKU007,Bottled Water 1.5L,Beverages,106,226,110,2
2026-04-12,SKU007,Bottled Water 1.5L,Beverages,118,861,110,2
2026-04-13,SKU007,Bottled Water 1.5L,Beverages,77,784,110,2
2026-04-14,SKU007,Bottled Water 1.5L,Beverages,75,709,110,2
2026-04-15,SKU007,Bottled Water 1.5L,Beverages,81,628,110,2
2026-04-16,SKU007,Bottled Water 1.5L,Beverages,87,541,110,2
2026-04-17,SKU007,Bottled Water 1.5L,Beverages,71,470,110,2
2026-04-18,SKU007,Bottled Water 1.5L,Beverages,97,373,110,2
2026-04-19,SKU007,Bottled Water 1.5L,Beverages,105,268,110,2
2026-04-20,SKU007,Bottled Water 1.5L,Beverages,67,1183,110,2
2026-04-21,SKU007,Bottled Water 1.5L,Beverages,62,1121,110,2
2026-04-22,SKU007,Bottled Water 1.5L,Beverages,56,1065,110,2
2026-04-23,SKU007,Bottled Water 1.5L,Beverages,65,1000,110,2
2026-04-24,SKU007,Bottled Water 1.5L,Beverages,63,937,110,2
2026-04-25,SKU007,Bottled Water 1.5L,Beverages,85,852,110,2
2026-04-26,SKU007,Bottled Water 1.5L,Beverages,76,776,110,2
2026-04-27,SKU007,Bottled Water 1.5L,Beverages,75,701,110,2
2026-04-28,SKU007,Bottled Water 1.5L,Beverages,77,624,110,2
2026-04-29,SKU007,Bottled Water 1.5L,Beverages,69,555,110,2
2026-04-30,SKU007,Bottled Water 1.5L,Beverages,65,490,110,2
2026-05-01,SKU007,Bottled Water 1.5L,Beverages,68,422,110,2
2026-05-02,SKU007,Bottled Water 1.5L,Beverages,85,337,110,2
2026-05-03,SKU007,Bottled Water 1.5L,Beverages,101,236,110,2
2026-05-04,SKU007,Bottled Water 1.5L,Beverages,64,1259,110,2
2026-05-05,SKU007,Bottled Water 1.5L,Beverages,69,1190,110,2
2026-05-06,SKU007,Bottled Water 1.5L,Beverages,69,1121,110,2
2026-05-07,SKU007,Bottled Water 1.5L,Beverages,73,1048,110,2
2026-05-08,SKU007,Bottled Water 1.5L,Beverages,90,958,110,2
2026-05-09,SKU007,Bottled Water 1.5L,Beverages,114,844,110,2
2026-05-10,SKU007,Bottled Water 1.5L,Beverages,96,748,110,2
2026-05-11,SKU007,Bottled Water 1.5L,Beverages,71,677,110,2
2026-05-12,SKU007,Bottled Water 1.5L,Beverages,86,591,110,2
2026-05-13,SKU007,Bottled Water 1.5L,Beverages,77,514,110,2
2026-05-14,SKU007,Bottled Water 1.5L,Beverages,79,435,110,2
2026-05-15,SKU007,Bottled Water 1.5L,Beverages,64,371,110,2
2026-05-16,SKU007,Bottled Water 1.5L,Beverages,97,274,110,2
2026-05-17,SKU007,Bottled Water 1.5L,Beverages,79,195,110,2
2026-05-18,SKU007,Bottled Water 1.5L,Beverages,62,1259,110,2
2026-05-19,SKU007,Bottled Water 1.5L,Beverages,69,1190,110,2
2026-05-20,SKU007,Bottled Water 1.5L,Beverages,59,1131,110,2
2026-05-21,SKU007,Bottled Water 1.5L,Beverages,73,1058,110,2
2026-05-22,SKU007,Bottled Water 1.5L,Beverages,64,994,110,2
2026-05-23,SKU007,Bottled Water 1.5L,Beverages,104,890,110,2
2026-05-24,SKU007,Bottled Water 1.5L,Beverages,83,807,110,2
2026-05-25,SKU007,Bottled Water 1.5L,Beverages,59,748,110,2
2026-05-26,SKU007,Bottled Water 1.5L,Beverages,53,695,110,2
2026-05-27,SKU007,Bottled Water 1.5L,Beverages,66,629,110,2
2026-05-28,SKU007,Bottled Water 1.5L,Beverages,51,578,110,2
2026-05-29,SKU007,Bottled Water 1.5L,Beverages,74,504,110,2
2026-05-30,SKU007,Bottled Water 1.5L,Beverages,96,408,110,2
2026-05-31,SKU007,Bottled Water 1.5L,Beverages,87,321,110,2
2026-06-01,SKU007,Bottled Water 1.5L,Beverages,75,1215,110,2
2026-06-02,SKU007,Bottled Water 1.5L,Beverages,77,1138,110,2
2026-06-03,SKU007,Bottled Water 1.5L,Beverages,71,1067,110,2
2026-06-04,SKU007,Bottled Water 1.5L,Beverages,88,979,110,2
2026-06-05,SKU007,Bottled Water 1.5L,Beverages,79,900,110,2
2026-06-06,SKU007,Bottled Water 1.5L,Beverages,96,804,110,2
2026-06-07,SKU007,Bottled Water 1.5L,Beverages,108,696,110,2
2026-06-08,SKU007,Bottled Water 1.5L,Beverages,64,632,110,2
2026-06-09,SKU007,Bottled Water 1.5L,Beverages,98,534,110,2
2026-06-10,SKU007,Bottled Water 1.5L,Beverages,74,460,110,2
2026-06-11,SKU007,Bottled Water 1.5L,Beverages,79,381,110,2
2026-06-12,SKU007,Bottled Water 1.5L,Beverages,76,305,110,2
2026-06-13,SKU007,Bottled Water 1.5L,Beverages,101,891,110,2
2026-06-14,SKU007,Bottled Water 1.5L,Beverages,78,813,110,2
2026-06-15,SKU007,Bottled Water 1.5L,Beverages,70,743,110,2
2026-06-16,SKU007,Bottled Water 1.5L,Beverages,64,679,110,2
2026-06-17,SKU007,Bottled Water 1.5L,Beverages,74,605,110,2
2026-06-18,SKU007,Bottled Water 1.5L,Beverages,59,546,110,2
2026-06-19,SKU007,Bottled Water 1.5L,Beverages,72,474,110,2
2026-06-20,SKU007,Bottled Water 1.5L,Beverages,100,374,110,2
2026-06-21,SKU007,Bottled Water 1.5L,Beverages,100,274,110,2
2026-06-22,SKU007,Bottled Water 1.5L,Beverages,75,1129,110,2
2026-06-23,SKU007,Bottled Water 1.5L,Beverages,66,1063,110,2
2026-06-24,SKU007,Bottled Water 1.5L,Beverages,67,996,110,2
2026-06-25,SKU007,Bottled Water 1.5L,Beverages,65,931,110,2
2026-06-26,SKU007,Bottled Water 1.5L,Beverages,61,870,110,2
2026-06-27,SKU007,Bottled Water 1.5L,Beverages,111,759,110,2
2026-06-28,SKU007,Bottled Water 1.5L,Beverages,99,660,110,2
2026-06-29,SKU007,Bottled Water 1.5L,Beverages,77,583,110,2
2026-06-30,SKU007,Bottled Water 1.5L,Beverages,70,513,110,2
2026-07-01,SKU007,Bottled Water 1.5L,Beverages,73,440,110,2
2026-07-02,SKU007,Bottled Water 1.5L,Beverages,80,360,110,2
2026-07-03,SKU007,Bottled Water 1.5L,Beverages,87,273,110,2
2026-07-04,SKU007,Bottled Water 1.5L,Beverages,96,858,110,2
2026-07-05,SKU007,Bottled Water 1.5L,Beverages,107,751,110,2
2026-07-06,SKU007,Bottled Water 1.5L,Beverages,84,667,110,2
2026-07-07,SKU007,Bottled Water 1.5L,Beverages,74,593,110,2
2026-07-08,SKU007,Bottled Water 1.5L,Beverages,72,521,110,2
2026-07-09,SKU007,Bottled Water 1.5L,Beverages,73,448,110,2
2026-07-10,SKU007,Bottled Water 1.5L,Beverages,70,378,110,2
2026-07-11,SKU007,Bottled Water 1.5L,Beverages,115,263,110,2
2026-07-12,SKU007,Bottled Water 1.5L,Beverages,100,863,110,2
2026-07-13,SKU007,Bottled Water 1.5L,Beverages,83,780,110,2
2026-07-14,SKU007,Bottled Water 1.5L,Beverages,73,707,110,2
2026-07-15,SKU007,Bottled Water 1.5L,Beverages,57,650,110,2
2026-07-16,SKU007,Bottled Water 1.5L,Beverages,93,557,110,2
2026-07-17,SKU007,Bottled Water 1.5L,Beverages,62,495,110,2
2026-07-18,SKU007,Bottled Water 1.5L,Beverages,82,413,110,2
2026-07-19,SKU007,Bottled Water 1.5L,Beverages,100,313,110,2
2026-07-20,SKU007,Bottled Water 1.5L,Beverages,63,1172,110,2
2026-07-21,SKU007,Bottled Water 1.5L,Beverages,57,1115,110,2
2026-07-22,SKU007,Bottled Water 1.5L,Beverages,70,1045,110,2
2026-07-23,SKU007,Bottled Water 1.5L,Beverages,73,972,110,2
2026-07-24,SKU007,Bottled Water 1.5L,Beverages,61,911,110,2
2026-07-25,SKU007,Bottled Water 1.5L,Beverages,84,827,110,2
2026-07-26,SKU007,Bottled Water 1.5L,Beverages,84,743,110,2
2026-07-27,SKU007,Bottled Water 1.5L,Beverages,59,684,110,2
2026-07-28,SKU007,Bottled Water 1.5L,Beverages,78,606,110,2
2026-07-29,SKU007,Bottled Water 1.5L,Beverages,60,546,110,2
2026-07-30,SKU007,Bottled Water 1.5L,Beverages,55,491,110,2
2026-07-31,SKU007,Bottled Water 1.5L,Beverages,70,421,110,2
2026-08-01,SKU007,Bottled Water 1.5L,Beverages,96,325,110,2
2026-08-02,SKU007,Bottled Water 1.5L,Beverages,116,209,110,2
2026-08-03,SKU007,Bottled Water 1.5L,Beverages,80,1250,110,2
2026-08-04,SKU007,Bottled Water 1.5L,Beverages,78,1172,110,2
2026-08-05,SKU007,Bottled Water 1.5L,Beverages,73,1099,110,2
2026-08-06,SKU007,Bottled Water 1.5L,Beverages,81,1018,110,2
2026-08-07,SKU007,Bottled Water 1.5L,Beverages,81,937,110,2
2026-08-08,SKU007,Bottled Water 1.5L,Beverages,107,830,110,2
2026-08-09,SKU007,Bottled Water 1.5L,Beverages,105,725,110,2
2026-08-10,SKU007,Bottled Water 1.5L,Beverages,70,655,110,2
2026-08-11,SKU007,Bottled Water 1.5L,Beverages,79,576,110,2
2026-08-12,SKU007,Bottled Water 1.5L,Beverages,74,502,110,2
2026-08-13,SKU007,Bottled Water 1.5L,Beverages,78,424,110,2
2026-08-14,SKU007,Bottled Water 1.5L,Beverages,66,358,110,2
2026-08-15,SKU007,Bottled Water 1.5L,Beverages,92,266,110,2
2026-08-16,SKU007,Bottled Water 1.5L,Beverages,94,822,110,2
2026-08-17,SKU007,Bottled Water 1.5L,Beverages,61,761,110,2
2026-08-18,SKU007,Bottled Water 1.5L,Beverages,66,695,110,2
2026-08-19,SKU007,Bottled Water 1.5L,Beverages,53,642,110,2
2026-08-20,SKU007,Bottled Water 1.5L,Beverages,63,579,110,2
2026-08-21,SKU007,Bottled Water 1.5L,Beverages,62,517,110,2
2026-08-22,SKU007,Bottled Water 1.5L,Beverages,85,432,110,2
2026-08-23,SKU007,Bottled Water 1.5L,Beverages,91,341,110,2
2026-08-24,SKU007,Bottled Water 1.5L,Beverages,59,1139,110,2
2026-08-25,SKU007,Bottled Water 1.5L,Beverages,66,1073,110,2
2026-08-26,SKU007,Bottled Water 1.5L,Beverages,88,985,110,2
2026-08-27,SKU007,Bottled Water 1.5L,Beverages,68,917,110,2
2026-08-28,SKU007,Bottled Water 1.5L,Beverages,85,832,110,2
2026-08-29,SKU007,Bottled Water 1.5L,Beverages,99,733,110,2
2026-08-30,SKU007,Bottled Water 1.5L,Beverages,94,639,110,2
2026-08-31,SKU007,Bottled Water 1.5L,Beverages,78,561,110,2
2026-09-01,SKU007,Bottled Water 1.5L,Beverages,76,485,110,2
2026-09-02,SKU007,Bottled Water 1.5L,Beverages,79,406,110,2
2026-09-03,SKU007,Bottled Water 1.5L,Beverages,74,332,110,2
2026-09-04,SKU007,Bottled Water 1.5L,Beverages,69,263,110,2
2026-09-05,SKU007,Bottled Water 1.5L,Beverages,118,891,110,2
2026-09-06,SKU007,Bottled Water 1.5L,Beverages,109,782,110,2
2026-09-07,SKU007,Bottled Water 1.5L,Beverages,82,700,110,2
2026-09-08,SKU007,Bottled Water 1.5L,Beverages,89,611,110,2
2026-09-09,SKU007,Bottled Water 1.5L,Beverages,85,526,110,2
2026-09-10,SKU007,Bottled Water 1.5L,Beverages,75,451,110,2
2026-09-11,SKU007,Bottled Water 1.5L,Beverages,71,380,110,2
2026-09-12,SKU007,Bottled Water 1.5L,Beverages,96,284,110,2
2026-09-13,SKU007,Bottled Water 1.5L,Beverages,101,183,110,2
2026-09-14,SKU007,Bottled Water 1.5L,Beverages,69,1254,110,2
2026-09-15,SKU007,Bottled Water 1.5L,Beverages,80,1174,110,2
2026-09-16,SKU007,Bottled Water 1.5L,Beverages,83,1091,110,2
2026-09-17,SKU007,Bottled Water 1.5L,Beverages,69,1022,110,2
2026-09-18,SKU007,Bottled Water 1.5L,Beverages,76,946,110,2
2026-09-19,SKU007,Bottled Water 1.5L,Beverages,108,838,110,2
2026-09-20,SKU007,Bottled Water 1.5L,Beverages,94,744,110,2
2026-09-21,SKU007,Bottled Water 1.5L,Beverages,60,684,110,2
2026-09-22,SKU007,Bottled Water 1.5L,Beverages,70,614,110,2
2026-09-23,SKU007,Bottled Water 1.5L,Beverages,54,560,110,2
2026-09-24,SKU007,Bottled Water 1.5L,Beverages,59,501,110,2
2026-09-25,SKU007,Bottled Water 1.5L,Beverages,71,430,110,2
2026-09-26,SKU007,Bottled Water 1.5L,Beverages,110,320,110,2
2026-09-27,SKU007,Bottled Water 1.5L,Beverages,92,228,110,2
2026-04-01,SKU008,Soap 100g,Personal Care,18,254,140,4
2026-04-02,SKU008,Soap 100g,Personal Care,24,230,140,4
2026-04-03,SKU008,Soap 100g,Personal Care,14,216,140,4
2026-04-04,SKU008,Soap 100g,Personal Care,16,200,140,4
2026-04-05,SKU008,Soap 100g,Personal Care,19,181,140,4
2026-04-06,SKU008,Soap 100g,Personal Care,10,171,140,4
2026-04-07,SKU008,Soap 100g,Personal Care,12,159,140,4
2026-04-08,SKU008,Soap 100g,Personal Care,11,148,140,4
2026-04-09,SKU008,Soap 100g,Personal Care,12,136,140,4
2026-04-10,SKU008,Soap 100g,Personal Care,12,124,140,4
2026-04-11,SKU008,Soap 100g,Personal Care,17,107,140,4
2026-04-12,SKU008,Soap 100g,Personal Care,25,82,140,4
2026-04-13,SKU008,Soap 100g,Personal Care,15,67,140,4
2026-04-14,SKU008,Soap 100g,Personal Care,12,55,140,4
2026-04-15,SKU008,Soap 100g,Personal Care,8,304,140,4
2026-04-16,SKU008,Soap 100g,Personal Care,14,290,140,4
2026-04-17,SKU008,Soap 100g,Personal Care,13,277,140,4
2026-04-18,SKU008,Soap 100g,Personal Care,20,257,140,4
2026-04-19,SKU008,Soap 100g,Personal Care,15,242,140,4
2026-04-20,SKU008,Soap 100g,Personal Care,13,229,140,4
2026-04-21,SKU008,Soap 100g,Personal Care,11,218,140,4
2026-04-22,SKU008,Soap 100g,Personal Care,10,208,140,4
2026-04-23,SKU008,Soap 100g,Personal Care,9,199,140,4
2026-04-24,SKU008,Soap 100g,Personal Care,15,184,140,4
2026-04-25,SKU008,Soap 100g,Personal Care,20,164,140,4
2026-04-26,SKU008,Soap 100g,Personal Care,19,145,140,4
2026-04-27,SKU008,Soap 100g,Personal Care,17,128,140,4
2026-04-28,SKU008,Soap 100g,Personal Care,11,117,140,4
2026-04-29,SKU008,Soap 100g,Personal Care,23,94,140,4
2026-04-30,SKU008,Soap 100g,Personal Care,17,77,140,4
2026-05-01,SKU008,Soap 100g,Personal Care,21,56,140,4
2026-05-02,SKU008,Soap 100g,Personal Care,19,37,140,4
2026-05-03,SKU008,Soap 100g,Personal Care,23,157,140,4
2026-05-04,SKU008,Soap 100g,Personal Care,15,142,140,4
2026-05-05,SKU008,Soap 100g,Personal Care,21,121,140,4
2026-05-06,SKU008,Soap 100g,Personal Care,21,100,140,4
2026-05-07,SKU008,Soap 100g,Personal Care,20,80,140,4
2026-05-08,SKU008,Soap 100g,Personal Care,24,56,140,4
2026-05-09,SKU008,Soap 100g,Personal Care,19,37,140,4
2026-05-10,SKU008,Soap 100g,Personal Care,19,180,140,4
2026-05-11,SKU008,Soap 100g,Personal Care,18,162,140,4
2026-05-12,SKU008,Soap 100g,Personal Care,16,146,140,4
2026-05-13,SKU008,Soap 100g,Personal Care,21,125,140,4
2026-05-14,SKU008,Soap 100g,Personal Care,25,100,140,4
2026-05-15,SKU008,Soap 100g,Personal Care,18,82,140,4
2026-05-16,SKU008,Soap 100g,Personal Care,22,60,140,4
2026-05-17,SKU008,Soap 100g,Personal Care,25,35,140,4
2026-05-18,SKU008,Soap 100g,Personal Care,11,177,140,4
2026-05-19,SKU008,Soap 100g,Personal Care,16,161,140,4
2026-05-20,SKU008,Soap 100g,Personal Care,10,151,140,4
2026-05-21,SKU008,Soap 100g,Personal Care,13,138,140,4
2026-05-22,SKU008,Soap 100g,Personal Care,15,123,140,4
2026-05-23,SKU008,Soap 100g,Personal Care,19,104,140,4
2026-05-24,SKU008,Soap 100g,Personal Care,16,88,140,4
2026-05-25,SKU008,Soap 100g,Personal Care,12,76,140,4
2026-05-26,SKU008,Soap 100g,Personal Care,21,55,140,4
2026-05-27,SKU008,Soap 100g,Personal Care,16,248,140,4
2026-05-28,SKU008,Soap 100g,Personal Care,10,238,140,4
2026-05-29,SKU008,Soap 100g,Personal Care,11,227,140,4
2026-05-30,SKU008,Soap 100g,Personal Care,18,209,140,4
2026-05-31,SKU008,Soap 100g,Personal Care,23,186,140,4
2026-06-01,SKU008,Soap 100g,Personal Care,22,164,140,4
2026-06-02,SKU008,Soap 100g,Personal Care,18,146,140,4
2026-06-03,SKU008,Soap 100g,Personal Care,14,132,140,4
2026-06-04,SKU008,Soap 100g,Personal Care,10,122,140,4
2026-06-05,SKU008,Soap 100g,Personal Care,17,105,140,4
2026-06-06,SKU008,Soap 100g,Personal Care,28,77,140,4
2026-06-07,SKU008,Soap 100g,Personal Care,23,54,140,4
2026-06-08,SKU008,Soap 100g,Personal Care,13,41,140,4
2026-06-09,SKU008,Soap 100g,Personal Care,22,176,140,4
2026-06-10,SKU008,Soap 100g,Personal Care,11,165,140,4
2026-06-11,SKU008,Soap 100g,Personal Care,16,149,140,4
2026-06-12,SKU008,Soap 100g,Personal Care,22,127,140,4
2026-06-13,SKU008,Soap 100g,Personal Care,24,103,140,4
2026-06-14,SKU008,Soap 100g,Personal Care,22,81,140,4
2026-06-15,SKU008,Soap 100g,Personal Care,20,61,140,4
2026-06-16,SKU008,Soap 100g,Personal Care,19,42,140,4
2026-06-17,SKU008,Soap 100g,Personal Care,15,276,140,4
2026-06-18,SKU008,Soap 100g,Personal Care,13,263,140,4
2026-06-19,SKU008,Soap 100g,Personal Care,11,252,140,4
2026-06-20,SKU008,Soap 100g,Personal Care,22,230,140,4
2026-06-21,SKU008,Soap 100g,Personal Care,18,212,140,4
2026-06-22,SKU008,Soap 100g,Personal Care,14,198,140,4
2026-06-23,SKU008,Soap 100g,Personal Care,14,184,140,4
2026-06-24,SKU008,Soap 100g,Personal Care,7,177,140,4
2026-06-25,SKU008,Soap 100g,Personal Care,11,166,140,4
2026-06-26,SKU008,Soap 100g,Personal Care,12,154,140,4
2026-06-27,SKU008,Soap 100g,Personal Care,19,135,140,4
2026-06-28,SKU008,Soap 100g,Personal Care,17,118,140,4
2026-06-29,SKU008,Soap 100g,Personal Care,14,104,140,4
2026-06-30,SKU008,Soap 100g,Personal Care,13,91,140,4
2026-07-01,SKU008,Soap 100g,Personal Care,16,265,140,4
2026-07-02,SKU008,Soap 100g,Personal Care,16,249,140,4
2026-07-03,SKU008,Soap 100g,Personal Care,20,229,140,4
2026-07-04,SKU008,Soap 100g,Personal Care,16,213,140,4
2026-07-05,SKU008,Soap 100g,Personal Care,23,190,140,4
2026-07-06,SKU008,Soap 100g,Personal Care,19,171,140,4
2026-07-07,SKU008,Soap 100g,Personal Care,21,150,140,4
2026-07-08,SKU008,Soap 100g,Personal Care,17,133,140,4
2026-07-09,SKU008,Soap 100g,Personal Care,22,111,140,4
2026-07-10,SKU008,Soap 100g,Personal Care,10,101,140,4
2026-07-11,SKU008,Soap 100g,Personal Care,27,74,140,4
2026-07-12,SKU008,Soap 100g,Personal Care,24,50,140,4
2026-07-13,SKU008,Soap 100g,Personal Care,19,184,140,4
2026-07-14,SKU008,Soap 100g,Personal Care,8,176,140,4
2026-07-15,SKU008,Soap 100g,Personal Care,11,165,140,4
2026-07-16,SKU008,Soap 100g,Personal Care,13,152,140,4
2026-07-17,SKU008,Soap 100g,Personal Care,9,143,140,4
2026-07-18,SKU008,Soap 100g,Personal Care,15,128,140,4
2026-07-19,SKU008,Soap 100g,Personal Care,22,106,140,4
2026-07-20,SKU008,Soap 100g,Personal Care,10,96,140,4
2026-07-21,SKU008,Soap 100g,Personal Care,19,77,140,4
2026-07-22,SKU008,Soap 100g,Personal Care,10,264,140,4
2026-07-23,SKU008,Soap 100g,Personal Care,17,247,140,4
2026-07-24,SKU008,Soap 100g,Personal Care,10,237,140,4
2026-07-25,SKU008,Soap 100g,Personal Care,26,211,140,4
2026-07-26,SKU008,Soap 100g,Personal Care,22,189,140,4
2026-07-27,SKU008,Soap 100g,Personal Care,19,170,140,4
2026-07-28,SKU008,Soap 100g,Personal Care,15,155,140,4
2026-07-29,SKU008,Soap 100g,Personal Care,12,143,140,4
2026-07-30,SKU008,Soap 100g,Personal Care,19,124,140,4
2026-07-31,SKU008,Soap 100g,Personal Care,11,113,140,4
2026-08-01,SKU008,Soap 100g,Personal Care,22,91,140,4
2026-08-02,SKU008,Soap 100g,Personal Care,13,78,140,4
2026-08-03,SKU008,Soap 100g,Personal Care,22,56,140,4
2026-08-04,SKU008,Soap 100g,Personal Care,16,40,140,4
2026-08-05,SKU008,Soap 100g,Personal Care,16,285,140,4
2026-08-06,SKU008,Soap 100g,Personal Care,22,263,140,4
2026-08-07,SKU008,Soap 100g,Personal Care,7,256,140,4
2026-08-08,SKU008,Soap 100g,Personal Care,29,227,140,4
2026-08-09,SKU008,Soap 100g,Personal Care,26,201,140,4
2026-08-10,SKU008,Soap 100g,Personal Care,14,187,140,4
2026-08-11,SKU008,Soap 100g,Personal Care,11,176,140,4
2026-08-12,SKU008,Soap 100g,Personal Care,17,159,140,4
2026-08-13,SKU008,Soap 100g,Personal Care,8,151,140,4
2026-08-14,SKU008,Soap 100g,Personal Care,16,135,140,4
2026-08-15,SKU008,Soap 100g,Personal Care,19,116,140,4
2026-08-16,SKU008,Soap 100g,Personal Care,22,94,140,4
2026-08-17,SKU008,Soap 100g,Personal Care,17,77,140,4
2026-08-18,SKU008,Soap 100g,Personal Care,13,64,140,4
2026-08-19,SKU008,Soap 100g,Personal Care,9,274,140,4
2026-08-20,SKU008,Soap 100g,Personal Care,16,258,140,4
2026-08-21,SKU008,Soap 100g,Personal Care,18,240,140,4
2026-08-22,SKU008,Soap 100g,Personal Care,24,216,140,4
2026-08-23,SKU008,Soap 100g,Personal Care,18,198,140,4
2026-08-24,SKU008,Soap 100g,Personal Care,15,183,140,4
2026-08-25,SKU008,Soap 100g,Personal Care,7,176,140,4
2026-08-26,SKU008,Soap 100g,Personal Care,15,161,140,4
2026-08-27,SKU008,Soap 100g,Personal Care,21,140,140,4
2026-08-28,SKU008,Soap 100g,Personal Care,23,117,140,4
2026-08-29,SKU008,Soap 100g,Personal Care,21,96,140,4
2026-08-30,SKU008,Soap 100g,Personal Care,13,83,140,4
2026-08-31,SKU008,Soap 100g,Personal Care,20,63,140,4
2026-09-01,SKU008,Soap 100g,Personal Care,11,52,140,4
2026-09-02,SKU008,Soap 100g,Personal Care,13,283,140,4
2026-09-03,SKU008,Soap 100g,Personal Care,25,258,140,4
2026-09-04,SKU008,Soap 100g,Personal Care,22,236,140,4
2026-09-05,SKU008,Soap 100g,Personal Care,28,208,140,4
2026-09-06,SKU008,Soap 100g,Personal Care,14,194,140,4
2026-09-07,SKU008,Soap 100g,Personal Care,14,180,140,4
2026-09-08,SKU008,Soap 100g,Personal Care,19,161,140,4
2026-09-09,SKU008,Soap 100g,Personal Care,17,144,140,4
2026-09-10,SKU008,Soap 100g,Personal Care,10,134,140,4
2026-09-11,SKU008,Soap 100g,Personal Care,17,117,140,4
2026-09-12,SKU008,Soap 100g,Personal Care,21,96,140,4
2026-09-13,SKU008,Soap 100g,Personal Care,15,81,140,4
2026-09-14,SKU008,Soap 100g,Personal Care,11,70,140,4
2026-09-15,SKU008,Soap 100g,Personal Care,13,57,140,4
2026-09-16,SKU008,Soap 100g,Personal Care,14,293,140,4
2026-09-17,SKU008,Soap 100g,Personal Care,21,272,140,4
2026-09-18,SKU008,Soap 100g,Personal Care,10,262,140,4
2026-09-19,SKU008,Soap 100g,Personal Care,21,241,140,4
2026-09-20,SKU008,Soap 100g,Personal Care,23,218,140,4
2026-09-21,SKU008,Soap 100g,Personal Care,16,202,140,4
2026-09-22,SKU008,Soap 100g,Personal Care,13,189,140,4
2026-09-23,SKU008,Soap 100g,Personal Care,17,172,140,4
2026-09-24,SKU008,Soap 100g,Personal Care,17,155,140,4
2026-09-25,SKU008,Soap 100g,Personal Care,12,143,140,4
2026-09-26,SKU008,Soap 100g,Personal Care,19,124,140,4
2026-09-27,SKU008,Soap 100g,Personal Care,16,108,140,4
